threshold,tp,fp,fn,tn,precision,recall,f1,accuracy,tpr,tnr,fpr,tag
0.0,3709,18673,0,0,0.1657135197926905,1.0,0.2843125982139435,0.1657135197926905,1.0,0.0,1.0,CentralWest_FarNorth
0.0333333333333333,3659,16634,50,2039,0.1803084807569112,0.9865192774332704,0.3048912590617448,0.2545795728710571,0.9865192774332704,0.1091950945215016,0.8908049054784983,CentralWest_FarNorth
0.0666666666666666,3014,9886,695,8787,0.2336434108527131,0.8126179563224589,0.3629357577217171,0.5272540434277544,0.8126179563224589,0.4705724843356718,0.5294275156643282,CentralWest_FarNorth
0.1,2101,4876,1608,13797,0.3011322918159667,0.5664599622539768,0.3932247800860939,0.7103029219908855,0.5664599622539768,0.7388743105017941,0.2611256894982059,CentralWest_FarNorth
0.1333333333333333,1298,2465,2411,16208,0.3449375498272655,0.3499595578322998,0.3474304068522483,0.782146367616835,0.3499595578322998,0.8679912172655706,0.1320087827344294,CentralWest_FarNorth
0.1666666666666666,763,1205,2946,17468,0.3877032520325203,0.2057158263682933,0.2688039457459926,0.8145384684121169,0.2057158263682933,0.9354683232474696,0.0645316767525304,CentralWest_FarNorth
0.2,459,604,3250,18069,0.431796801505174,0.1237530331625775,0.1923721709974853,0.827808060048253,0.1237530331625775,0.9676538317356612,0.0323461682643388,CentralWest_FarNorth
0.2333333333333333,258,301,3451,18372,0.4615384615384615,0.0695605284443246,0.1208997188378631,0.8323652935394513,0.0695605284443246,0.9838804691265464,0.0161195308734536,CentralWest_FarNorth
0.2666666666666666,147,131,3562,18542,0.5287769784172662,0.0396333243461849,0.073739653875094,0.8350013403627915,0.0396333243461849,0.9929845231082312,0.0070154768917688,CentralWest_FarNorth
0.3,75,54,3634,18619,0.5813953488372093,0.0202210838500943,0.0390828556539864,0.8352247341613797,0.0202210838500943,0.9971081240293472,0.0028918759706528,CentralWest_FarNorth
0.3333333333333333,29,9,3680,18664,0.7631578947368421,0.0078188190887031,0.0154790499065919,0.8351800554016621,0.0078188190887031,0.9995180206715578,0.0004819793284421,CentralWest_FarNorth
0.3666666666666666,8,2,3701,18671,0.8,0.0021569156106767,0.0043022317827372,0.8345545527656152,0.0021569156106767,0.9998928934825684,0.0001071065174315,CentralWest_FarNorth
0.4,0,0,3709,18673,0.0,0.0,0.0,0.8342864802073094,0.0,1.0,0.0,CentralWest_FarNorth
0.4333333333333333,0,0,3709,18673,0.0,0.0,0.0,0.8342864802073094,0.0,1.0,0.0,CentralWest_FarNorth
0.4666666666666667,0,0,3709,18673,0.0,0.0,0.0,0.8342864802073094,0.0,1.0,0.0,CentralWest_FarNorth
0.5,0,0,3709,18673,0.0,0.0,0.0,0.8342864802073094,0.0,1.0,0.0,CentralWest_FarNorth
0.5333333333333333,0,0,3709,18673,0.0,0.0,0.0,0.8342864802073094,0.0,1.0,0.0,CentralWest_FarNorth
0.5666666666666667,0,0,3709,18673,0.0,0.0,0.0,0.8342864802073094,0.0,1.0,0.0,CentralWest_FarNorth
0.6,0,0,3709,18673,0.0,0.0,0.0,0.8342864802073094,0.0,1.0,0.0,CentralWest_FarNorth
0.6333333333333333,0,0,3709,18673,0.0,0.0,0.0,0.8342864802073094,0.0,1.0,0.0,CentralWest_FarNorth
0.6666666666666666,0,0,3709,18673,0.0,0.0,0.0,0.8342864802073094,0.0,1.0,0.0,CentralWest_FarNorth
0.7,0,0,3709,18673,0.0,0.0,0.0,0.8342864802073094,0.0,1.0,0.0,CentralWest_FarNorth
0.7333333333333333,0,0,3709,18673,0.0,0.0,0.0,0.8342864802073094,0.0,1.0,0.0,CentralWest_FarNorth
0.7666666666666666,0,0,3709,18673,0.0,0.0,0.0,0.8342864802073094,0.0,1.0,0.0,CentralWest_FarNorth
0.8,0,0,3709,18673,0.0,0.0,0.0,0.8342864802073094,0.0,1.0,0.0,CentralWest_FarNorth
0.8333333333333334,0,0,3709,18673,0.0,0.0,0.0,0.8342864802073094,0.0,1.0,0.0,CentralWest_FarNorth
0.8666666666666667,0,0,3709,18673,0.0,0.0,0.0,0.8342864802073094,0.0,1.0,0.0,CentralWest_FarNorth
0.9,0,0,3709,18673,0.0,0.0,0.0,0.8342864802073094,0.0,1.0,0.0,CentralWest_FarNorth
0.9333333333333332,0,0,3709,18673,0.0,0.0,0.0,0.8342864802073094,0.0,1.0,0.0,CentralWest_FarNorth
0.9666666666666668,0,0,3709,18673,0.0,0.0,0.0,0.8342864802073094,0.0,1.0,0.0,CentralWest_FarNorth
1.0,0,0,3709,18673,0.0,0.0,0.0,0.8342864802073094,0.0,1.0,0.0,CentralWest_FarNorth
0.0,7910,39964,0,0,0.1652253832978234,1.0,0.2835938620392944,0.1652253832978234,1.0,0.0,1.0,CentralWest_Mid
0.0333333333333333,7778,31383,132,8581,0.1986159699701233,0.9833122629582808,0.3304794884323682,0.3417094874044366,0.9833122629582808,0.2147182464217796,0.7852817535782204,CentralWest_Mid
0.0666666666666666,7153,21965,757,17999,0.2456556082148499,0.904298356510746,0.3863562709301069,0.5253791201905,0.904298356510746,0.4503803423080773,0.5496196576919228,CentralWest_Mid
0.1,5971,14255,1939,25709,0.2952140808859883,0.7548672566371681,0.4244384418538526,0.6617370597819275,0.7548672566371681,0.6433039735762186,0.3566960264237814,CentralWest_Mid
0.1333333333333333,4460,9121,3450,30843,0.3283999705470878,0.5638432364096081,0.4150574659159649,0.7374148807285792,0.5638432364096081,0.7717695926333701,0.2282304073666299,CentralWest_Mid
0.1666666666666666,3256,5945,4654,34019,0.3538745788501249,0.4116308470290771,0.3805738998305183,0.778606341646823,0.4116308470290771,0.8512411170053048,0.1487588829946952,CentralWest_Mid
0.2,2219,3743,5691,36221,0.3721905400872191,0.2805309734513274,0.3199250288350634,0.8029410535990308,0.2805309734513274,0.9063407066359724,0.0936592933640276,CentralWest_Mid
0.2333333333333333,1486,2278,6424,37686,0.3947927736450584,0.1878634639696586,0.2545828336474217,0.8182311902076284,0.1878634639696586,0.942998698828946,0.0570013011710539,CentralWest_Mid
0.2666666666666666,1005,1355,6905,38609,0.4258474576271186,0.1270543615676359,0.1957156767283349,0.8274637590341313,0.1270543615676359,0.9660944850365328,0.0339055149634671,CentralWest_Mid
0.3,701,841,7209,39123,0.4546044098573281,0.088621997471555,0.1483283961066441,0.8318502736349584,0.088621997471555,0.978956060454409,0.021043939545591,CentralWest_Mid
0.3333333333333333,482,437,7428,39527,0.5244831338411317,0.0609355246523388,0.109185638237626,0.8357145841166395,0.0609355246523388,0.9890651586427786,0.0109348413572215,CentralWest_Mid
0.3666666666666666,360,218,7550,39746,0.6228373702422145,0.04551201011378,0.0848256361922714,0.8377407360989263,0.04551201011378,0.9945450905815234,0.0054549094184766,CentralWest_Mid
0.4,288,99,7622,39865,0.7441860465116279,0.036409608091024,0.0694226828974328,0.838722479842921,0.036409608091024,0.997522770493444,0.0024772295065559,CentralWest_Mid
0.4333333333333333,203,55,7707,39909,0.7868217054263565,0.0256637168141592,0.0497061704211557,0.8378660650875214,0.0256637168141592,0.9986237613852468,0.0013762386147532,CentralWest_Mid
0.4666666666666667,142,31,7768,39933,0.8208092485549133,0.0179519595448798,0.035135469503897,0.8370932029911852,0.0179519595448798,0.9992243018716844,0.0007756981283154,CentralWest_Mid
0.5,0,0,7910,39964,0.0,0.0,0.0,0.8347746167021766,0.0,1.0,0.0,CentralWest_Mid
0.5333333333333333,0,0,7910,39964,0.0,0.0,0.0,0.8347746167021766,0.0,1.0,0.0,CentralWest_Mid
0.5666666666666667,0,0,7910,39964,0.0,0.0,0.0,0.8347746167021766,0.0,1.0,0.0,CentralWest_Mid
0.6,0,0,7910,39964,0.0,0.0,0.0,0.8347746167021766,0.0,1.0,0.0,CentralWest_Mid
0.6333333333333333,0,0,7910,39964,0.0,0.0,0.0,0.8347746167021766,0.0,1.0,0.0,CentralWest_Mid
0.6666666666666666,0,0,7910,39964,0.0,0.0,0.0,0.8347746167021766,0.0,1.0,0.0,CentralWest_Mid
0.7,0,0,7910,39964,0.0,0.0,0.0,0.8347746167021766,0.0,1.0,0.0,CentralWest_Mid
0.7333333333333333,0,0,7910,39964,0.0,0.0,0.0,0.8347746167021766,0.0,1.0,0.0,CentralWest_Mid
0.7666666666666666,0,0,7910,39964,0.0,0.0,0.0,0.8347746167021766,0.0,1.0,0.0,CentralWest_Mid
0.8,0,0,7910,39964,0.0,0.0,0.0,0.8347746167021766,0.0,1.0,0.0,CentralWest_Mid
0.8333333333333334,0,0,7910,39964,0.0,0.0,0.0,0.8347746167021766,0.0,1.0,0.0,CentralWest_Mid
0.8666666666666667,0,0,7910,39964,0.0,0.0,0.0,0.8347746167021766,0.0,1.0,0.0,CentralWest_Mid
0.9,0,0,7910,39964,0.0,0.0,0.0,0.8347746167021766,0.0,1.0,0.0,CentralWest_Mid
0.9333333333333332,0,0,7910,39964,0.0,0.0,0.0,0.8347746167021766,0.0,1.0,0.0,CentralWest_Mid
0.9666666666666668,0,0,7910,39964,0.0,0.0,0.0,0.8347746167021766,0.0,1.0,0.0,CentralWest_Mid
1.0,0,0,7910,39964,0.0,0.0,0.0,0.8347746167021766,0.0,1.0,0.0,CentralWest_Mid
0.0,8365,42088,0,0,0.1657978712861475,1.0,0.284436737053283,0.1657978712861475,1.0,0.0,1.0,CentralWest_Mid+South_COMBINED
0.0333333333333333,8183,33067,182,9021,0.1983757575757575,0.9782426778242678,0.3298599213947395,0.3409906249380611,0.9782426778242678,0.2143366280174871,0.7856633719825128,CentralWest_Mid+South_COMBINED
0.0666666666666666,7365,23236,1000,18852,0.2406784092023136,0.8804542737597131,0.3780218652158291,0.5196321328761422,0.8804542737597131,0.4479186466451245,0.5520813533548755,CentralWest_Mid+South_COMBINED
0.1,5801,14609,2564,27479,0.2842234198922097,0.6934847579199044,0.4031972198088618,0.6596238082968308,0.6934847579199044,0.6528939365139708,0.3471060634860293,CentralWest_Mid+South_COMBINED
0.1333333333333333,4001,8516,4364,33572,0.3196452824159143,0.4783024506873879,0.3832008428311464,0.7447129011158901,0.4783024506873879,0.7976620414369892,0.2023379585630108,CentralWest_Mid+South_COMBINED
0.1666666666666666,2713,4670,5652,37418,0.3674657998103752,0.3243275552898984,0.3445516891033782,0.795413553207936,0.3243275552898984,0.8890420072229615,0.1109579927770385,CentralWest_Mid+South_COMBINED
0.2,1768,2673,6597,39415,0.3981085341139383,0.2113568439928272,0.2761205684835233,0.816264642340396,0.2113568439928272,0.9364902109865044,0.0635097890134955,CentralWest_Mid+South_COMBINED
0.2333333333333333,1222,1510,7143,40578,0.4472913616398243,0.1460848774656306,0.2202397044246192,0.8284938457574376,0.1460848774656306,0.964122790344041,0.0358772096559589,CentralWest_Mid+South_COMBINED
0.2666666666666666,879,947,7486,41141,0.4813800657174151,0.1050806933652122,0.1725051516043567,0.8328543396824768,0.1050806933652122,0.97749952480517,0.0225004751948298,CentralWest_Mid+South_COMBINED
0.3,622,588,7743,41500,0.5140495867768595,0.0743574417214584,0.1299216710182767,0.8348760232295404,0.0743574417214584,0.9860292720015206,0.0139707279984793,CentralWest_Mid+South_COMBINED
0.3333333333333333,438,367,7927,41721,0.5440993788819876,0.0523610280932456,0.0955288985823336,0.8356093790260242,0.0523610280932456,0.9912801748716974,0.0087198251283026,CentralWest_Mid+South_COMBINED
0.3666666666666666,322,222,8043,41866,0.5919117647058824,0.0384937238493723,0.0722864519025704,0.8361841714070521,0.0384937238493723,0.9947253373883292,0.0052746626116707,CentralWest_Mid+South_COMBINED
0.4,233,135,8132,41953,0.6331521739130435,0.0278541542139868,0.0533608152982938,0.8361445305531882,0.0278541542139868,0.9967924348983084,0.0032075651016916,CentralWest_Mid+South_COMBINED
0.4333333333333333,160,69,8205,42019,0.6986899563318777,0.0191273161984459,0.0372352804282057,0.8360057875646641,0.0191273161984459,0.9983605778369132,0.0016394221630868,CentralWest_Mid+South_COMBINED
0.4666666666666667,64,36,8301,42052,0.64,0.0076509264793783,0.0151210868281157,0.8347571006679484,0.0076509264793783,0.9991446493062156,0.0008553506937844,CentralWest_Mid+South_COMBINED
0.5,0,0,8365,42088,0.0,0.0,0.0,0.8342021287138525,0.0,1.0,0.0,CentralWest_Mid+South_COMBINED
0.5333333333333333,0,0,8365,42088,0.0,0.0,0.0,0.8342021287138525,0.0,1.0,0.0,CentralWest_Mid+South_COMBINED
0.5666666666666667,0,0,8365,42088,0.0,0.0,0.0,0.8342021287138525,0.0,1.0,0.0,CentralWest_Mid+South_COMBINED
0.6,0,0,8365,42088,0.0,0.0,0.0,0.8342021287138525,0.0,1.0,0.0,CentralWest_Mid+South_COMBINED
0.6333333333333333,0,0,8365,42088,0.0,0.0,0.0,0.8342021287138525,0.0,1.0,0.0,CentralWest_Mid+South_COMBINED
0.6666666666666666,0,0,8365,42088,0.0,0.0,0.0,0.8342021287138525,0.0,1.0,0.0,CentralWest_Mid+South_COMBINED
0.7,0,0,8365,42088,0.0,0.0,0.0,0.8342021287138525,0.0,1.0,0.0,CentralWest_Mid+South_COMBINED
0.7333333333333333,0,0,8365,42088,0.0,0.0,0.0,0.8342021287138525,0.0,1.0,0.0,CentralWest_Mid+South_COMBINED
0.7666666666666666,0,0,8365,42088,0.0,0.0,0.0,0.8342021287138525,0.0,1.0,0.0,CentralWest_Mid+South_COMBINED
0.8,0,0,8365,42088,0.0,0.0,0.0,0.8342021287138525,0.0,1.0,0.0,CentralWest_Mid+South_COMBINED
0.8333333333333334,0,0,8365,42088,0.0,0.0,0.0,0.8342021287138525,0.0,1.0,0.0,CentralWest_Mid+South_COMBINED
0.8666666666666667,0,0,8365,42088,0.0,0.0,0.0,0.8342021287138525,0.0,1.0,0.0,CentralWest_Mid+South_COMBINED
0.9,0,0,8365,42088,0.0,0.0,0.0,0.8342021287138525,0.0,1.0,0.0,CentralWest_Mid+South_COMBINED
0.9333333333333332,0,0,8365,42088,0.0,0.0,0.0,0.8342021287138525,0.0,1.0,0.0,CentralWest_Mid+South_COMBINED
0.9666666666666668,0,0,8365,42088,0.0,0.0,0.0,0.8342021287138525,0.0,1.0,0.0,CentralWest_Mid+South_COMBINED
1.0,0,0,8365,42088,0.0,0.0,0.0,0.8342021287138525,0.0,1.0,0.0,CentralWest_Mid+South_COMBINED
0.0,3486,21406,0,0,0.140044994375703,1.0,0.2456832757770103,0.140044994375703,1.0,0.0,1.0,CentralWest_North
0.0333333333333333,3486,21061,0,345,0.1420132806452927,1.0,0.2487068811757571,0.1539048690342278,1.0,0.0161169765486312,0.9838830234513688,CentralWest_North
0.0666666666666666,3204,14158,282,7248,0.184540951503283,0.919104991394148,0.307367613200307,0.4198939418287,0.919104991394148,0.3385966551434177,0.6614033448565823,CentralWest_North
0.1,1605,4152,1881,17254,0.2787910369984366,0.4604130808950086,0.347289840960727,0.7576329744496224,0.4604130808950086,0.8060356909277773,0.1939643090722227,CentralWest_North
0.1333333333333333,412,1123,3074,20283,0.2684039087947882,0.1181870338496844,0.1641107349133639,0.8313916117628154,0.1181870338496844,0.947538073437354,0.0524619265626459,CentralWest_North
0.1666666666666666,53,193,3433,21213,0.2154471544715447,0.0152036718301778,0.0284030010718113,0.8543307086614174,0.0152036718301778,0.9909838363075774,0.0090161636924226,CentralWest_North
0.2,0,1,3486,21405,0.0,0.0,0.0,0.8599148320745621,0.0,0.999953284125946,4.671587405400355e-05,CentralWest_North
0.2333333333333333,0,0,3486,21406,0.0,0.0,0.0,0.8599550056242969,0.0,1.0,0.0,CentralWest_North
0.2666666666666666,0,0,3486,21406,0.0,0.0,0.0,0.8599550056242969,0.0,1.0,0.0,CentralWest_North
0.3,0,0,3486,21406,0.0,0.0,0.0,0.8599550056242969,0.0,1.0,0.0,CentralWest_North
0.3333333333333333,0,0,3486,21406,0.0,0.0,0.0,0.8599550056242969,0.0,1.0,0.0,CentralWest_North
0.3666666666666666,0,0,3486,21406,0.0,0.0,0.0,0.8599550056242969,0.0,1.0,0.0,CentralWest_North
0.4,0,0,3486,21406,0.0,0.0,0.0,0.8599550056242969,0.0,1.0,0.0,CentralWest_North
0.4333333333333333,0,0,3486,21406,0.0,0.0,0.0,0.8599550056242969,0.0,1.0,0.0,CentralWest_North
0.4666666666666667,0,0,3486,21406,0.0,0.0,0.0,0.8599550056242969,0.0,1.0,0.0,CentralWest_North
0.5,0,0,3486,21406,0.0,0.0,0.0,0.8599550056242969,0.0,1.0,0.0,CentralWest_North
0.5333333333333333,0,0,3486,21406,0.0,0.0,0.0,0.8599550056242969,0.0,1.0,0.0,CentralWest_North
0.5666666666666667,0,0,3486,21406,0.0,0.0,0.0,0.8599550056242969,0.0,1.0,0.0,CentralWest_North
0.6,0,0,3486,21406,0.0,0.0,0.0,0.8599550056242969,0.0,1.0,0.0,CentralWest_North
0.6333333333333333,0,0,3486,21406,0.0,0.0,0.0,0.8599550056242969,0.0,1.0,0.0,CentralWest_North
0.6666666666666666,0,0,3486,21406,0.0,0.0,0.0,0.8599550056242969,0.0,1.0,0.0,CentralWest_North
0.7,0,0,3486,21406,0.0,0.0,0.0,0.8599550056242969,0.0,1.0,0.0,CentralWest_North
0.7333333333333333,0,0,3486,21406,0.0,0.0,0.0,0.8599550056242969,0.0,1.0,0.0,CentralWest_North
0.7666666666666666,0,0,3486,21406,0.0,0.0,0.0,0.8599550056242969,0.0,1.0,0.0,CentralWest_North
0.8,0,0,3486,21406,0.0,0.0,0.0,0.8599550056242969,0.0,1.0,0.0,CentralWest_North
0.8333333333333334,0,0,3486,21406,0.0,0.0,0.0,0.8599550056242969,0.0,1.0,0.0,CentralWest_North
0.8666666666666667,0,0,3486,21406,0.0,0.0,0.0,0.8599550056242969,0.0,1.0,0.0,CentralWest_North
0.9,0,0,3486,21406,0.0,0.0,0.0,0.8599550056242969,0.0,1.0,0.0,CentralWest_North
0.9333333333333332,0,0,3486,21406,0.0,0.0,0.0,0.8599550056242969,0.0,1.0,0.0,CentralWest_North
0.9666666666666668,0,0,3486,21406,0.0,0.0,0.0,0.8599550056242969,0.0,1.0,0.0,CentralWest_North
1.0,0,0,3486,21406,0.0,0.0,0.0,0.8599550056242969,0.0,1.0,0.0,CentralWest_North
0.0,449,2130,0,0,0.1740984877859635,1.0,0.2965653896961691,0.1740984877859635,1.0,0.0,1.0,CentralWest_South
0.0333333333333333,449,2014,0,116,0.1822980105562322,1.0,0.3083791208791209,0.2190771616905777,1.0,0.0544600938967136,0.9455399061032864,CentralWest_South
0.0666666666666666,318,1156,131,974,0.2157394843962008,0.7082405345211581,0.3307332293291731,0.5009693679720822,0.7082405345211581,0.4572769953051643,0.5427230046948357,CentralWest_South
0.1,197,495,252,1635,0.2846820809248555,0.4387527839643652,0.3453111305872042,0.7103528499418379,0.4387527839643652,0.7676056338028169,0.2323943661971831,CentralWest_South
0.1333333333333333,69,146,380,1984,0.3209302325581395,0.153674832962138,0.2078313253012048,0.7960449786739047,0.153674832962138,0.9314553990610328,0.0685446009389671,CentralWest_South
0.1666666666666666,1,2,448,2128,0.3333333333333333,0.0022271714922048,0.0044247787610619,0.8255137650252036,0.0022271714922048,0.9990610328638496,0.0009389671361502,CentralWest_South
0.2,0,0,449,2130,0.0,0.0,0.0,0.8259015122140364,0.0,1.0,0.0,CentralWest_South
0.2333333333333333,0,0,449,2130,0.0,0.0,0.0,0.8259015122140364,0.0,1.0,0.0,CentralWest_South
0.2666666666666666,0,0,449,2130,0.0,0.0,0.0,0.8259015122140364,0.0,1.0,0.0,CentralWest_South
0.3,0,0,449,2130,0.0,0.0,0.0,0.8259015122140364,0.0,1.0,0.0,CentralWest_South
0.3333333333333333,0,0,449,2130,0.0,0.0,0.0,0.8259015122140364,0.0,1.0,0.0,CentralWest_South
0.3666666666666666,0,0,449,2130,0.0,0.0,0.0,0.8259015122140364,0.0,1.0,0.0,CentralWest_South
0.4,0,0,449,2130,0.0,0.0,0.0,0.8259015122140364,0.0,1.0,0.0,CentralWest_South
0.4333333333333333,0,0,449,2130,0.0,0.0,0.0,0.8259015122140364,0.0,1.0,0.0,CentralWest_South
0.4666666666666667,0,0,449,2130,0.0,0.0,0.0,0.8259015122140364,0.0,1.0,0.0,CentralWest_South
0.5,0,0,449,2130,0.0,0.0,0.0,0.8259015122140364,0.0,1.0,0.0,CentralWest_South
0.5333333333333333,0,0,449,2130,0.0,0.0,0.0,0.8259015122140364,0.0,1.0,0.0,CentralWest_South
0.5666666666666667,0,0,449,2130,0.0,0.0,0.0,0.8259015122140364,0.0,1.0,0.0,CentralWest_South
0.6,0,0,449,2130,0.0,0.0,0.0,0.8259015122140364,0.0,1.0,0.0,CentralWest_South
0.6333333333333333,0,0,449,2130,0.0,0.0,0.0,0.8259015122140364,0.0,1.0,0.0,CentralWest_South
0.6666666666666666,0,0,449,2130,0.0,0.0,0.0,0.8259015122140364,0.0,1.0,0.0,CentralWest_South
0.7,0,0,449,2130,0.0,0.0,0.0,0.8259015122140364,0.0,1.0,0.0,CentralWest_South
0.7333333333333333,0,0,449,2130,0.0,0.0,0.0,0.8259015122140364,0.0,1.0,0.0,CentralWest_South
0.7666666666666666,0,0,449,2130,0.0,0.0,0.0,0.8259015122140364,0.0,1.0,0.0,CentralWest_South
0.8,0,0,449,2130,0.0,0.0,0.0,0.8259015122140364,0.0,1.0,0.0,CentralWest_South
0.8333333333333334,0,0,449,2130,0.0,0.0,0.0,0.8259015122140364,0.0,1.0,0.0,CentralWest_South
0.8666666666666667,0,0,449,2130,0.0,0.0,0.0,0.8259015122140364,0.0,1.0,0.0,CentralWest_South
0.9,0,0,449,2130,0.0,0.0,0.0,0.8259015122140364,0.0,1.0,0.0,CentralWest_South
0.9333333333333332,0,0,449,2130,0.0,0.0,0.0,0.8259015122140364,0.0,1.0,0.0,CentralWest_South
0.9666666666666668,0,0,449,2130,0.0,0.0,0.0,0.8259015122140364,0.0,1.0,0.0,CentralWest_South
1.0,0,0,449,2130,0.0,0.0,0.0,0.8259015122140364,0.0,1.0,0.0,CentralWest_South
0.0,1967,12693,0,0,0.1341746248294679,1.0,0.2366031154146869,0.1341746248294679,1.0,0.0,1.0,Coast_FarNorth
0.0333333333333333,1584,4910,383,7783,0.2439174622728672,0.8052872394509405,0.3744238269708072,0.638949522510232,0.8052872394509405,0.6131726148270701,0.3868273851729299,Coast_FarNorth
0.0666666666666666,1069,2319,898,10374,0.3155253837072019,0.543467208947636,0.3992530345471522,0.7805593451568895,0.543467208947636,0.8173008744977547,0.1826991255022453,Coast_FarNorth
0.1,796,1352,1171,11341,0.3705772811918063,0.4046771733604474,0.3868772782503037,0.8278990450204639,0.4046771733604474,0.8934845978098165,0.1065154021901835,Coast_FarNorth
0.1333333333333333,607,882,1360,11811,0.4076561450638012,0.3085917641077783,0.3512731481481482,0.8470668485675307,0.3085917641077783,0.9305128811155756,0.0694871188844244,Coast_FarNorth
0.1666666666666666,487,580,1480,12113,0.4564198687910028,0.2475851550584646,0.3210283454185893,0.859481582537517,0.2475851550584646,0.9543055227290632,0.0456944772709367,Coast_FarNorth
0.2,381,375,1586,12318,0.503968253968254,0.1936959837315709,0.279838413514506,0.8662346521145975,0.1936959837315709,0.9704561569368944,0.0295438430631056,Coast_FarNorth
0.2333333333333333,295,262,1672,12431,0.5296229802513465,0.1499745805795627,0.233755942947702,0.8680763983628922,0.1499745805795627,0.9793587016465768,0.0206412983534231,Coast_FarNorth
0.2666666666666666,220,186,1747,12507,0.541871921182266,0.1118454499237417,0.1854193004635482,0.8681446111869031,0.1118454499237417,0.9853462538406996,0.0146537461593004,Coast_FarNorth
0.3,167,132,1800,12561,0.5585284280936454,0.0849008642602948,0.147396293027361,0.868212824010914,0.0849008642602948,0.9896005672417868,0.0103994327582131,Coast_FarNorth
0.3333333333333333,117,96,1850,12597,0.5492957746478874,0.0594814438230808,0.1073394495412844,0.8672578444747613,0.0594814438230808,0.9924367761758448,0.007563223824155,Coast_FarNorth
0.3666666666666666,84,63,1883,12630,0.5714285714285714,0.0427046263345195,0.0794701986754966,0.8672578444747613,0.0427046263345195,0.9950366343653982,0.0049633656346017,Coast_FarNorth
0.4,65,46,1902,12647,0.5855855855855856,0.0330452465683782,0.0625601539942252,0.8671214188267394,0.0330452465683782,0.9963759552509256,0.0036240447490742,Coast_FarNorth
0.4333333333333333,45,26,1922,12667,0.6338028169014085,0.0228774783934926,0.0441609421000981,0.8671214188267394,0.0228774783934926,0.997951626880958,0.0020483731190419,Coast_FarNorth
0.4666666666666667,25,12,1942,12681,0.6756756756756757,0.012709710218607,0.0249500998003991,0.866712141882674,0.012709710218607,0.9990545970219806,0.0009454029780193,Coast_FarNorth
0.5,0,0,1967,12693,0.0,0.0,0.0,0.865825375170532,0.0,1.0,0.0,Coast_FarNorth
0.5333333333333333,0,0,1967,12693,0.0,0.0,0.0,0.865825375170532,0.0,1.0,0.0,Coast_FarNorth
0.5666666666666667,0,0,1967,12693,0.0,0.0,0.0,0.865825375170532,0.0,1.0,0.0,Coast_FarNorth
0.6,0,0,1967,12693,0.0,0.0,0.0,0.865825375170532,0.0,1.0,0.0,Coast_FarNorth
0.6333333333333333,0,0,1967,12693,0.0,0.0,0.0,0.865825375170532,0.0,1.0,0.0,Coast_FarNorth
0.6666666666666666,0,0,1967,12693,0.0,0.0,0.0,0.865825375170532,0.0,1.0,0.0,Coast_FarNorth
0.7,0,0,1967,12693,0.0,0.0,0.0,0.865825375170532,0.0,1.0,0.0,Coast_FarNorth
0.7333333333333333,0,0,1967,12693,0.0,0.0,0.0,0.865825375170532,0.0,1.0,0.0,Coast_FarNorth
0.7666666666666666,0,0,1967,12693,0.0,0.0,0.0,0.865825375170532,0.0,1.0,0.0,Coast_FarNorth
0.8,0,0,1967,12693,0.0,0.0,0.0,0.865825375170532,0.0,1.0,0.0,Coast_FarNorth
0.8333333333333334,0,0,1967,12693,0.0,0.0,0.0,0.865825375170532,0.0,1.0,0.0,Coast_FarNorth
0.8666666666666667,0,0,1967,12693,0.0,0.0,0.0,0.865825375170532,0.0,1.0,0.0,Coast_FarNorth
0.9,0,0,1967,12693,0.0,0.0,0.0,0.865825375170532,0.0,1.0,0.0,Coast_FarNorth
0.9333333333333332,0,0,1967,12693,0.0,0.0,0.0,0.865825375170532,0.0,1.0,0.0,Coast_FarNorth
0.9666666666666668,0,0,1967,12693,0.0,0.0,0.0,0.865825375170532,0.0,1.0,0.0,Coast_FarNorth
1.0,0,0,1967,12693,0.0,0.0,0.0,0.865825375170532,0.0,1.0,0.0,Coast_FarNorth
0.0,5394,24856,0,0,0.1783140495867768,1.0,0.3026596341600269,0.1783140495867768,1.0,0.0,1.0,Coast_Mid
0.0333333333333333,4564,14136,830,10720,0.2440641711229946,0.8461253244345569,0.3788495061011039,0.5052561983471074,0.8461253244345569,0.4312841969745735,0.5687158030254265,Coast_Mid
0.0666666666666666,3536,7836,1858,17020,0.3109391487864931,0.6555431961438636,0.4218060360252892,0.6795371900826447,0.6555431961438636,0.6847441261667203,0.3152558738332797,Coast_Mid
0.1,2815,5049,2579,19807,0.3579603255340793,0.5218761586948462,0.4246492683662694,0.7478347107438017,0.5218761586948462,0.7968699710331509,0.203130028966849,Coast_Mid
0.1333333333333333,2344,3567,3050,21289,0.3965488073084081,0.4345569150908416,0.4146837682441397,0.7812561983471075,0.4345569150908416,0.8564934019954941,0.1435065980045059,Coast_Mid
0.1666666666666666,2043,2633,3351,22223,0.4369118905047048,0.378754171301446,0.405759682224429,0.8021818181818182,0.378754171301446,0.8940698422915996,0.1059301577084003,Coast_Mid
0.2,1802,2000,3592,22856,0.4739610731194108,0.3340748980348535,0.3919095258808177,0.8151404958677686,0.3340748980348535,0.9195365304151916,0.0804634695848085,Coast_Mid
0.2333333333333333,1580,1564,3814,23292,0.5025445292620865,0.292918057100482,0.3701100960412274,0.8222148760330579,0.292918057100482,0.9370775667846798,0.0629224332153202,Coast_Mid
0.2666666666666666,1369,1209,4025,23647,0.5310318076027929,0.253800519095291,0.343452082288008,0.8269752066115702,0.253800519095291,0.9513598326359832,0.0486401673640167,Coast_Mid
0.3,1230,952,4164,23904,0.5637030247479377,0.2280311457174638,0.3247096092925026,0.8308760330578513,0.2280311457174638,0.9616993884776311,0.0383006115223688,Coast_Mid
0.3333333333333333,1041,767,4353,24089,0.5757743362831859,0.192992213570634,0.2890863648986393,0.8307438016528925,0.192992213570634,0.969142259414226,0.030857740585774,Coast_Mid
0.3666666666666666,896,586,4498,24270,0.6045883940620783,0.1661104931405265,0.2606166375799884,0.8319338842975207,0.1661104931405265,0.9764242034116511,0.0235757965883488,Coast_Mid
0.4,693,411,4701,24445,0.6277173913043478,0.1284760845383759,0.2132963988919667,0.83100826446281,0.1284760845383759,0.983464757000322,0.0165352429996781,Coast_Mid
0.4333333333333333,497,277,4897,24579,0.6421188630490956,0.0921394141638858,0.161154345006485,0.8289586776859504,0.0921394141638858,0.988855809462504,0.0111441905374959,Coast_Mid
0.4666666666666667,269,150,5125,24706,0.6420047732696897,0.0498702261772339,0.0925511783932565,0.8256198347107438,0.0498702261772339,0.9939652397811394,0.0060347602188606,Coast_Mid
0.5,0,0,5394,24856,0.0,0.0,0.0,0.8216859504132231,0.0,1.0,0.0,Coast_Mid
0.5333333333333333,0,0,5394,24856,0.0,0.0,0.0,0.8216859504132231,0.0,1.0,0.0,Coast_Mid
0.5666666666666667,0,0,5394,24856,0.0,0.0,0.0,0.8216859504132231,0.0,1.0,0.0,Coast_Mid
0.6,0,0,5394,24856,0.0,0.0,0.0,0.8216859504132231,0.0,1.0,0.0,Coast_Mid
0.6333333333333333,0,0,5394,24856,0.0,0.0,0.0,0.8216859504132231,0.0,1.0,0.0,Coast_Mid
0.6666666666666666,0,0,5394,24856,0.0,0.0,0.0,0.8216859504132231,0.0,1.0,0.0,Coast_Mid
0.7,0,0,5394,24856,0.0,0.0,0.0,0.8216859504132231,0.0,1.0,0.0,Coast_Mid
0.7333333333333333,0,0,5394,24856,0.0,0.0,0.0,0.8216859504132231,0.0,1.0,0.0,Coast_Mid
0.7666666666666666,0,0,5394,24856,0.0,0.0,0.0,0.8216859504132231,0.0,1.0,0.0,Coast_Mid
0.8,0,0,5394,24856,0.0,0.0,0.0,0.8216859504132231,0.0,1.0,0.0,Coast_Mid
0.8333333333333334,0,0,5394,24856,0.0,0.0,0.0,0.8216859504132231,0.0,1.0,0.0,Coast_Mid
0.8666666666666667,0,0,5394,24856,0.0,0.0,0.0,0.8216859504132231,0.0,1.0,0.0,Coast_Mid
0.9,0,0,5394,24856,0.0,0.0,0.0,0.8216859504132231,0.0,1.0,0.0,Coast_Mid
0.9333333333333332,0,0,5394,24856,0.0,0.0,0.0,0.8216859504132231,0.0,1.0,0.0,Coast_Mid
0.9666666666666668,0,0,5394,24856,0.0,0.0,0.0,0.8216859504132231,0.0,1.0,0.0,Coast_Mid
1.0,0,0,5394,24856,0.0,0.0,0.0,0.8216859504132231,0.0,1.0,0.0,Coast_Mid
0.0,1037,43037,0,0,0.0235286109724554,1.0,0.0459754826982332,0.0235286109724554,1.0,0.0,1.0,Coast_North
0.0333333333333333,409,1655,628,41382,0.1981589147286821,0.3944069431051109,0.2637858755240245,0.9482007532785768,0.3944069431051109,0.9615447173362456,0.0384552826637544,Coast_North
0.0666666666666666,151,338,886,42699,0.3087934560327198,0.1456123432979749,0.1979030144167758,0.9722285247538232,0.1456123432979749,0.9921462927248648,0.0078537072751353,Coast_North
0.1,49,103,988,42934,0.3223684210526316,0.04725168756027,0.0824222035323801,0.9752461768843308,0.04725168756027,0.9976067105049145,0.0023932894950856,Coast_North
0.1333333333333333,29,44,1008,42993,0.3972602739726027,0.0279652844744455,0.0522522522522522,0.9761310523210964,0.0279652844744455,0.998977623905012,0.001022376094988,Coast_North
0.1666666666666666,24,23,1013,43014,0.5106382978723404,0.0231436837029893,0.044280442804428,0.9764940781413078,0.0231436837029893,0.9994655761321654,0.0005344238678346,Coast_North
0.2,21,19,1016,43018,0.525,0.0202507232401157,0.0389972144846796,0.976516767255071,0.0202507232401157,0.999558519413528,0.0004414805864721,Coast_North
0.2333333333333333,19,16,1018,43021,0.5428571428571428,0.0183220829315332,0.0354477611940298,0.9765394563688342,0.0183220829315332,0.9996282268745498,0.0003717731254501,Coast_North
0.2666666666666666,18,15,1019,43022,0.5454545454545454,0.017357762777242,0.0336448598130841,0.9765394563688342,0.017357762777242,0.9996514626948904,0.0003485373051095,Coast_North
0.3,18,14,1019,43023,0.5625,0.017357762777242,0.0336763330215154,0.9765621454825976,0.017357762777242,0.999674698515231,0.0003253014847689,Coast_North
0.3333333333333333,12,13,1025,43024,0.48,0.0115718418514946,0.0225988700564971,0.9764486999137814,0.0115718418514946,0.9996979343355716,0.0003020656644282,Coast_North
0.3666666666666666,5,7,1032,43030,0.4166666666666667,0.0048216007714561,0.0095328884652049,0.976426010800018,0.0048216007714561,0.9998373492576156,0.0001626507423844,Coast_North
0.4,0,0,1037,43037,0.0,0.0,0.0,0.9764713890275446,0.0,1.0,0.0,Coast_North
0.4333333333333333,0,0,1037,43037,0.0,0.0,0.0,0.9764713890275446,0.0,1.0,0.0,Coast_North
0.4666666666666667,0,0,1037,43037,0.0,0.0,0.0,0.9764713890275446,0.0,1.0,0.0,Coast_North
0.5,0,0,1037,43037,0.0,0.0,0.0,0.9764713890275446,0.0,1.0,0.0,Coast_North
0.5333333333333333,0,0,1037,43037,0.0,0.0,0.0,0.9764713890275446,0.0,1.0,0.0,Coast_North
0.5666666666666667,0,0,1037,43037,0.0,0.0,0.0,0.9764713890275446,0.0,1.0,0.0,Coast_North
0.6,0,0,1037,43037,0.0,0.0,0.0,0.9764713890275446,0.0,1.0,0.0,Coast_North
0.6333333333333333,0,0,1037,43037,0.0,0.0,0.0,0.9764713890275446,0.0,1.0,0.0,Coast_North
0.6666666666666666,0,0,1037,43037,0.0,0.0,0.0,0.9764713890275446,0.0,1.0,0.0,Coast_North
0.7,0,0,1037,43037,0.0,0.0,0.0,0.9764713890275446,0.0,1.0,0.0,Coast_North
0.7333333333333333,0,0,1037,43037,0.0,0.0,0.0,0.9764713890275446,0.0,1.0,0.0,Coast_North
0.7666666666666666,0,0,1037,43037,0.0,0.0,0.0,0.9764713890275446,0.0,1.0,0.0,Coast_North
0.8,0,0,1037,43037,0.0,0.0,0.0,0.9764713890275446,0.0,1.0,0.0,Coast_North
0.8333333333333334,0,0,1037,43037,0.0,0.0,0.0,0.9764713890275446,0.0,1.0,0.0,Coast_North
0.8666666666666667,0,0,1037,43037,0.0,0.0,0.0,0.9764713890275446,0.0,1.0,0.0,Coast_North
0.9,0,0,1037,43037,0.0,0.0,0.0,0.9764713890275446,0.0,1.0,0.0,Coast_North
0.9333333333333332,0,0,1037,43037,0.0,0.0,0.0,0.9764713890275446,0.0,1.0,0.0,Coast_North
0.9666666666666668,0,0,1037,43037,0.0,0.0,0.0,0.9764713890275446,0.0,1.0,0.0,Coast_North
1.0,0,0,1037,43037,0.0,0.0,0.0,0.9764713890275446,0.0,1.0,0.0,Coast_North
0.0,2179,10014,0,0,0.1787090953825965,1.0,0.3032284998608405,0.1787090953825965,1.0,0.0,1.0,Coast_South
0.0333333333333333,2097,8691,82,1323,0.1943826473859844,0.9623680587425424,0.3234364155163106,0.280488805052079,0.9623680587425424,0.1321150389454763,0.8678849610545236,Coast_South
0.0666666666666666,1650,5266,529,4748,0.2385772122614227,0.7572280862781092,0.3628367234744365,0.5247273025506438,0.7572280862781092,0.4741362093069702,0.5258637906930298,Coast_South
0.1,1098,2877,1081,7137,0.2762264150943396,0.5039008719596145,0.3568410789730257,0.6753875174280325,0.5039008719596145,0.7127022168963452,0.2872977831036549,Coast_South
0.1333333333333333,786,1739,1393,8275,0.3112871287128713,0.3607159247361174,0.3341836734693877,0.7431313048470434,0.3607159247361174,0.8263431196325145,0.1736568803674855,Coast_South
0.1666666666666666,587,1149,1592,8865,0.3381336405529954,0.2693896282698486,0.2998722860791826,0.7751988846059215,0.2693896282698486,0.8852606351108449,0.1147393648891551,Coast_South
0.2,448,805,1731,9209,0.3575418994413408,0.205598898577329,0.2610722610722611,0.7920118100549496,0.205598898577329,0.9196125424405832,0.0803874575594168,Coast_South
0.2333333333333333,314,540,1865,9474,0.3676814988290398,0.1441027994492886,0.2070557204088361,0.8027556794882309,0.1441027994492886,0.9460754943079688,0.0539245056920311,Coast_South
0.2666666666666666,183,353,1996,9661,0.3414179104477612,0.0839834786599357,0.1348066298342541,0.8073484786352826,0.0839834786599357,0.9647493509087278,0.0352506490912722,Coast_South
0.3,94,214,2085,9800,0.3051948051948052,0.0431390546122074,0.0755930840369923,0.8114491921594358,0.0431390546122074,0.9786299181146396,0.0213700818853604,Coast_South
0.3333333333333333,23,79,2156,9935,0.2254901960784313,0.0105553005966039,0.0201665935992985,0.8166981054703518,0.0105553005966039,0.9921110445376472,0.0078889554623527,Coast_South
0.3666666666666666,0,10,2179,10004,0.0,0.0,0.0,0.8204707619125727,0.0,0.99900139804274,0.0009986019572598,Coast_South
0.4,0,0,2179,10014,0.0,0.0,0.0,0.8212909046174034,0.0,1.0,0.0,Coast_South
0.4333333333333333,0,0,2179,10014,0.0,0.0,0.0,0.8212909046174034,0.0,1.0,0.0,Coast_South
0.4666666666666667,0,0,2179,10014,0.0,0.0,0.0,0.8212909046174034,0.0,1.0,0.0,Coast_South
0.5,0,0,2179,10014,0.0,0.0,0.0,0.8212909046174034,0.0,1.0,0.0,Coast_South
0.5333333333333333,0,0,2179,10014,0.0,0.0,0.0,0.8212909046174034,0.0,1.0,0.0,Coast_South
0.5666666666666667,0,0,2179,10014,0.0,0.0,0.0,0.8212909046174034,0.0,1.0,0.0,Coast_South
0.6,0,0,2179,10014,0.0,0.0,0.0,0.8212909046174034,0.0,1.0,0.0,Coast_South
0.6333333333333333,0,0,2179,10014,0.0,0.0,0.0,0.8212909046174034,0.0,1.0,0.0,Coast_South
0.6666666666666666,0,0,2179,10014,0.0,0.0,0.0,0.8212909046174034,0.0,1.0,0.0,Coast_South
0.7,0,0,2179,10014,0.0,0.0,0.0,0.8212909046174034,0.0,1.0,0.0,Coast_South
0.7333333333333333,0,0,2179,10014,0.0,0.0,0.0,0.8212909046174034,0.0,1.0,0.0,Coast_South
0.7666666666666666,0,0,2179,10014,0.0,0.0,0.0,0.8212909046174034,0.0,1.0,0.0,Coast_South
0.8,0,0,2179,10014,0.0,0.0,0.0,0.8212909046174034,0.0,1.0,0.0,Coast_South
0.8333333333333334,0,0,2179,10014,0.0,0.0,0.0,0.8212909046174034,0.0,1.0,0.0,Coast_South
0.8666666666666667,0,0,2179,10014,0.0,0.0,0.0,0.8212909046174034,0.0,1.0,0.0,Coast_South
0.9,0,0,2179,10014,0.0,0.0,0.0,0.8212909046174034,0.0,1.0,0.0,Coast_South
0.9333333333333332,0,0,2179,10014,0.0,0.0,0.0,0.8212909046174034,0.0,1.0,0.0,Coast_South
0.9666666666666668,0,0,2179,10014,0.0,0.0,0.0,0.8212909046174034,0.0,1.0,0.0,Coast_South
1.0,0,0,2179,10014,0.0,0.0,0.0,0.8212909046174034,0.0,1.0,0.0,Coast_South
0.0,102,573,0,0,0.1511111111111111,1.0,0.2625482625482625,0.1511111111111111,1.0,0.0,1.0,East_FarNorth
0.0333333333333333,36,44,66,529,0.45,0.3529411764705882,0.3956043956043956,0.837037037037037,0.3529411764705882,0.9232111692844676,0.0767888307155322,East_FarNorth
0.0666666666666666,1,8,101,565,0.1111111111111111,0.0098039215686274,0.018018018018018,0.8385185185185186,0.0098039215686274,0.9860383944153578,0.0139616055846422,East_FarNorth
0.1,0,0,102,573,0.0,0.0,0.0,0.8488888888888889,0.0,1.0,0.0,East_FarNorth
0.1333333333333333,0,0,102,573,0.0,0.0,0.0,0.8488888888888889,0.0,1.0,0.0,East_FarNorth
0.1666666666666666,0,0,102,573,0.0,0.0,0.0,0.8488888888888889,0.0,1.0,0.0,East_FarNorth
0.2,0,0,102,573,0.0,0.0,0.0,0.8488888888888889,0.0,1.0,0.0,East_FarNorth
0.2333333333333333,0,0,102,573,0.0,0.0,0.0,0.8488888888888889,0.0,1.0,0.0,East_FarNorth
0.2666666666666666,0,0,102,573,0.0,0.0,0.0,0.8488888888888889,0.0,1.0,0.0,East_FarNorth
0.3,0,0,102,573,0.0,0.0,0.0,0.8488888888888889,0.0,1.0,0.0,East_FarNorth
0.3333333333333333,0,0,102,573,0.0,0.0,0.0,0.8488888888888889,0.0,1.0,0.0,East_FarNorth
0.3666666666666666,0,0,102,573,0.0,0.0,0.0,0.8488888888888889,0.0,1.0,0.0,East_FarNorth
0.4,0,0,102,573,0.0,0.0,0.0,0.8488888888888889,0.0,1.0,0.0,East_FarNorth
0.4333333333333333,0,0,102,573,0.0,0.0,0.0,0.8488888888888889,0.0,1.0,0.0,East_FarNorth
0.4666666666666667,0,0,102,573,0.0,0.0,0.0,0.8488888888888889,0.0,1.0,0.0,East_FarNorth
0.5,0,0,102,573,0.0,0.0,0.0,0.8488888888888889,0.0,1.0,0.0,East_FarNorth
0.5333333333333333,0,0,102,573,0.0,0.0,0.0,0.8488888888888889,0.0,1.0,0.0,East_FarNorth
0.5666666666666667,0,0,102,573,0.0,0.0,0.0,0.8488888888888889,0.0,1.0,0.0,East_FarNorth
0.6,0,0,102,573,0.0,0.0,0.0,0.8488888888888889,0.0,1.0,0.0,East_FarNorth
0.6333333333333333,0,0,102,573,0.0,0.0,0.0,0.8488888888888889,0.0,1.0,0.0,East_FarNorth
0.6666666666666666,0,0,102,573,0.0,0.0,0.0,0.8488888888888889,0.0,1.0,0.0,East_FarNorth
0.7,0,0,102,573,0.0,0.0,0.0,0.8488888888888889,0.0,1.0,0.0,East_FarNorth
0.7333333333333333,0,0,102,573,0.0,0.0,0.0,0.8488888888888889,0.0,1.0,0.0,East_FarNorth
0.7666666666666666,0,0,102,573,0.0,0.0,0.0,0.8488888888888889,0.0,1.0,0.0,East_FarNorth
0.8,0,0,102,573,0.0,0.0,0.0,0.8488888888888889,0.0,1.0,0.0,East_FarNorth
0.8333333333333334,0,0,102,573,0.0,0.0,0.0,0.8488888888888889,0.0,1.0,0.0,East_FarNorth
0.8666666666666667,0,0,102,573,0.0,0.0,0.0,0.8488888888888889,0.0,1.0,0.0,East_FarNorth
0.9,0,0,102,573,0.0,0.0,0.0,0.8488888888888889,0.0,1.0,0.0,East_FarNorth
0.9333333333333332,0,0,102,573,0.0,0.0,0.0,0.8488888888888889,0.0,1.0,0.0,East_FarNorth
0.9666666666666668,0,0,102,573,0.0,0.0,0.0,0.8488888888888889,0.0,1.0,0.0,East_FarNorth
1.0,0,0,102,573,0.0,0.0,0.0,0.8488888888888889,0.0,1.0,0.0,East_FarNorth
0.0,4215,20969,0,0,0.1673681702668361,1.0,0.286744447090037,0.1673681702668361,1.0,0.0,1.0,East_Mid
0.0333333333333333,2379,7030,1836,13939,0.2528430226378999,0.5644128113879003,0.349236641221374,0.6479510800508259,0.5644128113879003,0.664743192331537,0.3352568076684629,East_Mid
0.0666666666666666,1013,1748,3202,19221,0.3668960521550163,0.2403321470937129,0.2904243119266055,0.8034466327827192,0.2403321470937129,0.9166388478229768,0.0833611521770232,East_Mid
0.1,477,607,3738,20362,0.4400369003690036,0.1131672597864768,0.1800339686733345,0.8274698221092758,0.1131672597864768,0.9710525060804044,0.0289474939195955,East_Mid
0.1333333333333333,260,273,3955,20696,0.4878048780487805,0.0616844602609727,0.109519797809604,0.8321156289707751,0.0616844602609727,0.9869807811531308,0.0130192188468691,East_Mid
0.1666666666666666,159,121,4056,20848,0.5678571428571428,0.0377224199288256,0.0707452725250278,0.8341407242693774,0.0377224199288256,0.9942295769946112,0.0057704230053889,East_Mid
0.2,96,48,4119,20921,0.6666666666666666,0.0227758007117437,0.0440467997247075,0.8345378017789072,0.0227758007117437,0.9977109065763746,0.0022890934236253,East_Mid
0.2333333333333333,61,20,4154,20949,0.7530864197530864,0.0144721233689205,0.0283985102420856,0.8342598475222364,0.0144721233689205,0.9990462110734896,0.0009537889265105,East_Mid
0.2666666666666666,38,4,4177,20965,0.9047619047619048,0.0090154211150652,0.0178529480855062,0.8339818932655655,0.0090154211150652,0.999809242214698,0.0001907577853021,East_Mid
0.3,18,0,4197,20969,1.0,0.0042704626334519,0.0085046066619418,0.8333465692503177,0.0042704626334519,1.0,0.0,East_Mid
0.3333333333333333,10,0,4205,20969,1.0,0.0023724792408066,0.0047337278106508,0.8330289072426937,0.0023724792408066,1.0,0.0,East_Mid
0.3666666666666666,0,0,4215,20969,0.0,0.0,0.0,0.832631829733164,0.0,1.0,0.0,East_Mid
0.4,0,0,4215,20969,0.0,0.0,0.0,0.832631829733164,0.0,1.0,0.0,East_Mid
0.4333333333333333,0,0,4215,20969,0.0,0.0,0.0,0.832631829733164,0.0,1.0,0.0,East_Mid
0.4666666666666667,0,0,4215,20969,0.0,0.0,0.0,0.832631829733164,0.0,1.0,0.0,East_Mid
0.5,0,0,4215,20969,0.0,0.0,0.0,0.832631829733164,0.0,1.0,0.0,East_Mid
0.5333333333333333,0,0,4215,20969,0.0,0.0,0.0,0.832631829733164,0.0,1.0,0.0,East_Mid
0.5666666666666667,0,0,4215,20969,0.0,0.0,0.0,0.832631829733164,0.0,1.0,0.0,East_Mid
0.6,0,0,4215,20969,0.0,0.0,0.0,0.832631829733164,0.0,1.0,0.0,East_Mid
0.6333333333333333,0,0,4215,20969,0.0,0.0,0.0,0.832631829733164,0.0,1.0,0.0,East_Mid
0.6666666666666666,0,0,4215,20969,0.0,0.0,0.0,0.832631829733164,0.0,1.0,0.0,East_Mid
0.7,0,0,4215,20969,0.0,0.0,0.0,0.832631829733164,0.0,1.0,0.0,East_Mid
0.7333333333333333,0,0,4215,20969,0.0,0.0,0.0,0.832631829733164,0.0,1.0,0.0,East_Mid
0.7666666666666666,0,0,4215,20969,0.0,0.0,0.0,0.832631829733164,0.0,1.0,0.0,East_Mid
0.8,0,0,4215,20969,0.0,0.0,0.0,0.832631829733164,0.0,1.0,0.0,East_Mid
0.8333333333333334,0,0,4215,20969,0.0,0.0,0.0,0.832631829733164,0.0,1.0,0.0,East_Mid
0.8666666666666667,0,0,4215,20969,0.0,0.0,0.0,0.832631829733164,0.0,1.0,0.0,East_Mid
0.9,0,0,4215,20969,0.0,0.0,0.0,0.832631829733164,0.0,1.0,0.0,East_Mid
0.9333333333333332,0,0,4215,20969,0.0,0.0,0.0,0.832631829733164,0.0,1.0,0.0,East_Mid
0.9666666666666668,0,0,4215,20969,0.0,0.0,0.0,0.832631829733164,0.0,1.0,0.0,East_Mid
1.0,0,0,4215,20969,0.0,0.0,0.0,0.832631829733164,0.0,1.0,0.0,East_Mid
0.0,1135,22310,0,0,0.0484111750906376,1.0,0.0923515052888527,0.0484111750906376,1.0,0.0,1.0,East_North
0.0333333333333333,677,3946,458,18364,0.1464417045208738,0.5964757709251102,0.2351510941299062,0.8121561100447857,0.5964757709251102,0.8231286418646347,0.1768713581353653,East_North
0.0666666666666666,331,1180,804,21130,0.2190602250165453,0.2916299559471366,0.2501889644746787,0.9153764128812112,0.2916299559471366,0.9471089197669208,0.0528910802330793,East_North
0.1,173,432,962,21878,0.2859504132231405,0.1524229074889868,0.1988505747126437,0.9405416933248028,0.1524229074889868,0.9806364858807708,0.019363514119229,East_North
0.1333333333333333,76,174,1059,22136,0.304,0.0669603524229074,0.1097472924187725,0.947408829174664,0.0669603524229074,0.9922008068130884,0.0077991931869116,East_North
0.1666666666666666,17,70,1118,22240,0.1954022988505747,0.0149779735682819,0.027823240589198,0.9493282149712092,0.0149779735682819,0.9968623935454952,0.0031376064545047,East_North
0.2,7,36,1128,22274,0.1627906976744186,0.0061674008810572,0.0118845500848896,0.9503518873960332,0.0061674008810572,0.9983863738233976,0.0016136261766024,East_North
0.2333333333333333,2,10,1133,22300,0.1666666666666666,0.0017621145374449,0.003487358326068,0.9512476007677544,0.0017621145374449,0.9995517705064992,0.0004482294935006,East_North
0.2666666666666666,2,2,1133,22308,0.5,0.0017621145374449,0.0035118525021949,0.9515888249093624,0.0017621145374449,0.9999103541013,8.964589870013447e-05,East_North
0.3,1,1,1134,22309,0.5,0.0008810572687224,0.001759014951627,0.9515888249093624,0.0008810572687224,0.99995517705065,4.482294935006723e-05,East_North
0.3333333333333333,0,0,1135,22310,0.0,0.0,0.0,0.9515888249093624,0.0,1.0,0.0,East_North
0.3666666666666666,0,0,1135,22310,0.0,0.0,0.0,0.9515888249093624,0.0,1.0,0.0,East_North
0.4,0,0,1135,22310,0.0,0.0,0.0,0.9515888249093624,0.0,1.0,0.0,East_North
0.4333333333333333,0,0,1135,22310,0.0,0.0,0.0,0.9515888249093624,0.0,1.0,0.0,East_North
0.4666666666666667,0,0,1135,22310,0.0,0.0,0.0,0.9515888249093624,0.0,1.0,0.0,East_North
0.5,0,0,1135,22310,0.0,0.0,0.0,0.9515888249093624,0.0,1.0,0.0,East_North
0.5333333333333333,0,0,1135,22310,0.0,0.0,0.0,0.9515888249093624,0.0,1.0,0.0,East_North
0.5666666666666667,0,0,1135,22310,0.0,0.0,0.0,0.9515888249093624,0.0,1.0,0.0,East_North
0.6,0,0,1135,22310,0.0,0.0,0.0,0.9515888249093624,0.0,1.0,0.0,East_North
0.6333333333333333,0,0,1135,22310,0.0,0.0,0.0,0.9515888249093624,0.0,1.0,0.0,East_North
0.6666666666666666,0,0,1135,22310,0.0,0.0,0.0,0.9515888249093624,0.0,1.0,0.0,East_North
0.7,0,0,1135,22310,0.0,0.0,0.0,0.9515888249093624,0.0,1.0,0.0,East_North
0.7333333333333333,0,0,1135,22310,0.0,0.0,0.0,0.9515888249093624,0.0,1.0,0.0,East_North
0.7666666666666666,0,0,1135,22310,0.0,0.0,0.0,0.9515888249093624,0.0,1.0,0.0,East_North
0.8,0,0,1135,22310,0.0,0.0,0.0,0.9515888249093624,0.0,1.0,0.0,East_North
0.8333333333333334,0,0,1135,22310,0.0,0.0,0.0,0.9515888249093624,0.0,1.0,0.0,East_North
0.8666666666666667,0,0,1135,22310,0.0,0.0,0.0,0.9515888249093624,0.0,1.0,0.0,East_North
0.9,0,0,1135,22310,0.0,0.0,0.0,0.9515888249093624,0.0,1.0,0.0,East_North
0.9333333333333332,0,0,1135,22310,0.0,0.0,0.0,0.9515888249093624,0.0,1.0,0.0,East_North
0.9666666666666668,0,0,1135,22310,0.0,0.0,0.0,0.9515888249093624,0.0,1.0,0.0,East_North
1.0,0,0,1135,22310,0.0,0.0,0.0,0.9515888249093624,0.0,1.0,0.0,East_North
0.0,1135,22310,0,0,0.0484111750906376,1.0,0.0923515052888527,0.0484111750906376,1.0,0.0,1.0,East_NorthBand_COMBINED
0.0333333333333333,591,4565,544,17745,0.1146237393328161,0.520704845814978,0.1878874582737243,0.782085732565579,0.520704845814978,0.7953832362169431,0.2046167637830569,East_NorthBand_COMBINED
0.0666666666666666,233,1134,902,21176,0.1704462326261887,0.2052863436123348,0.1862509992006395,0.9131584559607592,0.2052863436123348,0.9491707754370238,0.0508292245629762,East_NorthBand_COMBINED
0.1,117,447,1018,21863,0.2074468085106383,0.1030837004405286,0.1377280753384343,0.9375133290680316,0.1030837004405286,0.97996414164052,0.02003585835948,East_NorthBand_COMBINED
0.1333333333333333,49,192,1086,22118,0.2033195020746888,0.0431718061674008,0.0712209302325581,0.945489443378119,0.0431718061674008,0.9913939937247872,0.0086060062752129,East_NorthBand_COMBINED
0.1666666666666666,26,82,1109,22228,0.2407407407407407,0.0229074889867841,0.0418342719227674,0.9492002559181062,0.0229074889867841,0.9963245181532944,0.0036754818467055,East_NorthBand_COMBINED
0.2,13,47,1122,22263,0.2166666666666666,0.011453744493392,0.0217573221757322,0.9501386223075282,0.011453744493392,0.9978933213805468,0.0021066786194531,East_NorthBand_COMBINED
0.2333333333333333,3,25,1132,22285,0.1071428571428571,0.0026431718061674,0.0051590713671539,0.9506504585199402,0.0026431718061674,0.9988794262662484,0.0011205737337516,East_NorthBand_COMBINED
0.2666666666666666,2,16,1133,22294,0.1111111111111111,0.0017621145374449,0.0034692107545533,0.9509916826615484,0.0017621145374449,0.9992828328103988,0.000717167189601,East_NorthBand_COMBINED
0.3,1,6,1134,22304,0.1428571428571428,0.0008810572687224,0.0017513134851138,0.9513755598208572,0.0008810572687224,0.9997310623038996,0.0002689376961004,East_NorthBand_COMBINED
0.3333333333333333,0,1,1135,22309,0.0,0.0,0.0,0.9515461718916614,0.0,0.99995517705065,4.482294935006723e-05,East_NorthBand_COMBINED
0.3666666666666666,0,0,1135,22310,0.0,0.0,0.0,0.9515888249093624,0.0,1.0,0.0,East_NorthBand_COMBINED
0.4,0,0,1135,22310,0.0,0.0,0.0,0.9515888249093624,0.0,1.0,0.0,East_NorthBand_COMBINED
0.4333333333333333,0,0,1135,22310,0.0,0.0,0.0,0.9515888249093624,0.0,1.0,0.0,East_NorthBand_COMBINED
0.4666666666666667,0,0,1135,22310,0.0,0.0,0.0,0.9515888249093624,0.0,1.0,0.0,East_NorthBand_COMBINED
0.5,0,0,1135,22310,0.0,0.0,0.0,0.9515888249093624,0.0,1.0,0.0,East_NorthBand_COMBINED
0.5333333333333333,0,0,1135,22310,0.0,0.0,0.0,0.9515888249093624,0.0,1.0,0.0,East_NorthBand_COMBINED
0.5666666666666667,0,0,1135,22310,0.0,0.0,0.0,0.9515888249093624,0.0,1.0,0.0,East_NorthBand_COMBINED
0.6,0,0,1135,22310,0.0,0.0,0.0,0.9515888249093624,0.0,1.0,0.0,East_NorthBand_COMBINED
0.6333333333333333,0,0,1135,22310,0.0,0.0,0.0,0.9515888249093624,0.0,1.0,0.0,East_NorthBand_COMBINED
0.6666666666666666,0,0,1135,22310,0.0,0.0,0.0,0.9515888249093624,0.0,1.0,0.0,East_NorthBand_COMBINED
0.7,0,0,1135,22310,0.0,0.0,0.0,0.9515888249093624,0.0,1.0,0.0,East_NorthBand_COMBINED
0.7333333333333333,0,0,1135,22310,0.0,0.0,0.0,0.9515888249093624,0.0,1.0,0.0,East_NorthBand_COMBINED
0.7666666666666666,0,0,1135,22310,0.0,0.0,0.0,0.9515888249093624,0.0,1.0,0.0,East_NorthBand_COMBINED
0.8,0,0,1135,22310,0.0,0.0,0.0,0.9515888249093624,0.0,1.0,0.0,East_NorthBand_COMBINED
0.8333333333333334,0,0,1135,22310,0.0,0.0,0.0,0.9515888249093624,0.0,1.0,0.0,East_NorthBand_COMBINED
0.8666666666666667,0,0,1135,22310,0.0,0.0,0.0,0.9515888249093624,0.0,1.0,0.0,East_NorthBand_COMBINED
0.9,0,0,1135,22310,0.0,0.0,0.0,0.9515888249093624,0.0,1.0,0.0,East_NorthBand_COMBINED
0.9333333333333332,0,0,1135,22310,0.0,0.0,0.0,0.9515888249093624,0.0,1.0,0.0,East_NorthBand_COMBINED
0.9666666666666668,0,0,1135,22310,0.0,0.0,0.0,0.9515888249093624,0.0,1.0,0.0,East_NorthBand_COMBINED
1.0,0,0,1135,22310,0.0,0.0,0.0,0.9515888249093624,0.0,1.0,0.0,East_NorthBand_COMBINED
0.0,641,2914,0,0,0.180309423347398,1.0,0.3055290753098189,0.180309423347398,1.0,0.0,1.0,East_South
0.0333333333333333,575,2576,66,338,0.1824817518248175,0.8970358814352574,0.3032700421940928,0.2568213783403656,0.8970358814352574,0.1159917638984214,0.8840082361015786,East_South
0.0666666666666666,426,1838,215,1076,0.1881625441696113,0.6645865834633385,0.2932874354561101,0.4225035161744022,0.6645865834633385,0.3692518874399451,0.6307481125600549,East_South
0.1,317,1111,324,1803,0.2219887955182072,0.4945397815912636,0.30642822619623,0.5963431786216596,0.4945397815912636,0.6187371310912835,0.3812628689087165,East_South
0.1333333333333333,220,599,421,2315,0.2686202686202686,0.3432137285491419,0.3013698630136986,0.7130801687763713,0.3432137285491419,0.7944406314344543,0.2055593685655456,East_South
0.1666666666666666,154,314,487,2600,0.329059829059829,0.2402496099843993,0.2777276825969342,0.7746835443037975,0.2402496099843993,0.8922443376801648,0.1077556623198352,East_South
0.2,122,172,519,2742,0.4149659863945578,0.1903276131045241,0.2609625668449198,0.8056258790436006,0.1903276131045241,0.940974605353466,0.0590253946465339,East_South
0.2333333333333333,88,100,553,2814,0.4680851063829787,0.1372854914196568,0.2123039806996381,0.8163150492264416,0.1372854914196568,0.9656829100892244,0.0343170899107755,East_South
0.2666666666666666,67,59,574,2855,0.5317460317460317,0.1045241809672386,0.1747066492829204,0.8219409282700422,0.1045241809672386,0.9797529169526424,0.0202470830473575,East_South
0.3,50,23,591,2891,0.684931506849315,0.078003120124805,0.1400560224089636,0.8272855133614627,0.078003120124805,0.9921070693205216,0.0078929306794783,East_South
0.3333333333333333,28,11,613,2903,0.717948717948718,0.0436817472698908,0.0823529411764706,0.8244725738396624,0.0436817472698908,0.9962251201098148,0.0037748798901853,East_South
0.3666666666666666,18,6,623,2908,0.75,0.0280811232449297,0.0541353383458646,0.8230661040787624,0.0280811232449297,0.9979409746053536,0.0020590253946465,East_South
0.4,12,2,629,2912,0.8571428571428571,0.0187207488299532,0.0366412213740458,0.8225035161744022,0.0187207488299532,0.9993136582017844,0.0006863417982155,East_South
0.4333333333333333,1,0,640,2914,1.0,0.0015600624024961,0.0031152647975077,0.819971870604782,0.0015600624024961,1.0,0.0,East_South
0.4666666666666667,0,0,641,2914,0.0,0.0,0.0,0.8196905766526019,0.0,1.0,0.0,East_South
0.5,0,0,641,2914,0.0,0.0,0.0,0.8196905766526019,0.0,1.0,0.0,East_South
0.5333333333333333,0,0,641,2914,0.0,0.0,0.0,0.8196905766526019,0.0,1.0,0.0,East_South
0.5666666666666667,0,0,641,2914,0.0,0.0,0.0,0.8196905766526019,0.0,1.0,0.0,East_South
0.6,0,0,641,2914,0.0,0.0,0.0,0.8196905766526019,0.0,1.0,0.0,East_South
0.6333333333333333,0,0,641,2914,0.0,0.0,0.0,0.8196905766526019,0.0,1.0,0.0,East_South
0.6666666666666666,0,0,641,2914,0.0,0.0,0.0,0.8196905766526019,0.0,1.0,0.0,East_South
0.7,0,0,641,2914,0.0,0.0,0.0,0.8196905766526019,0.0,1.0,0.0,East_South
0.7333333333333333,0,0,641,2914,0.0,0.0,0.0,0.8196905766526019,0.0,1.0,0.0,East_South
0.7666666666666666,0,0,641,2914,0.0,0.0,0.0,0.8196905766526019,0.0,1.0,0.0,East_South
0.8,0,0,641,2914,0.0,0.0,0.0,0.8196905766526019,0.0,1.0,0.0,East_South
0.8333333333333334,0,0,641,2914,0.0,0.0,0.0,0.8196905766526019,0.0,1.0,0.0,East_South
0.8666666666666667,0,0,641,2914,0.0,0.0,0.0,0.8196905766526019,0.0,1.0,0.0,East_South
0.9,0,0,641,2914,0.0,0.0,0.0,0.8196905766526019,0.0,1.0,0.0,East_South
0.9333333333333332,0,0,641,2914,0.0,0.0,0.0,0.8196905766526019,0.0,1.0,0.0,East_South
0.9666666666666668,0,0,641,2914,0.0,0.0,0.0,0.8196905766526019,0.0,1.0,0.0,East_South
1.0,0,0,641,2914,0.0,0.0,0.0,0.8196905766526019,0.0,1.0,0.0,East_South
0.0,2668,13509,0,0,0.1649255115287136,1.0,0.283152029716105,0.1649255115287136,1.0,0.0,1.0,Midwest_FarNorth
0.0333333333333333,2531,8674,137,4835,0.2258813029897367,0.9486506746626686,0.3648814243494558,0.4553378253075354,0.9486506746626686,0.3579095417869568,0.6420904582130431,Midwest_FarNorth
0.0666666666666666,2199,5697,469,7812,0.2784954407294833,0.8242128935532234,0.4163195759182128,0.6188415651851394,0.8242128935532234,0.5782811459027315,0.4217188540972685,Midwest_FarNorth
0.1,1718,3132,950,10377,0.3542268041237113,0.643928035982009,0.4570364458632615,0.7476664400074179,0.643928035982009,0.7681545636242505,0.2318454363757495,Midwest_FarNorth
0.1333333333333333,1364,1886,1304,11623,0.4196923076923077,0.5112443778110944,0.4609665427509293,0.8028064536069729,0.5112443778110944,0.8603893700495966,0.1396106299504034,Midwest_FarNorth
0.1666666666666666,1048,1214,1620,12295,0.4633068081343943,0.3928035982008995,0.4251521298174442,0.8248130061197997,0.3928035982008995,0.9101339847509068,0.0898660152490932,Midwest_FarNorth
0.2,851,785,1817,12724,0.5201711491442543,0.3189655172413793,0.3954460966542751,0.8391543549483835,0.3189655172413793,0.9418905914575468,0.0581094085424531,Midwest_FarNorth
0.2333333333333333,695,542,1973,12967,0.5618431689571544,0.2604947526236881,0.3559539052496799,0.8445323607591024,0.2604947526236881,0.959878599452217,0.0401214005477829,Midwest_FarNorth
0.2666666666666666,553,374,2115,13135,0.5965480043149946,0.207271364317841,0.3076495132127955,0.8461395808864437,0.207271364317841,0.9723147531275446,0.0276852468724554,Midwest_FarNorth
0.3,448,274,2220,13235,0.6204986149584487,0.1679160419790105,0.2643067846607669,0.8458305000927242,0.1679160419790105,0.9797172255533348,0.0202827744466651,Midwest_FarNorth
0.3333333333333333,358,213,2310,13296,0.626970227670753,0.1341829085457271,0.2210558814448904,0.8440378314891512,0.1341829085457271,0.9842327337330667,0.0157672662669331,Midwest_FarNorth
0.3666666666666666,293,153,2375,13356,0.6569506726457399,0.1098200899550224,0.1881824020552344,0.8437287506954317,0.1098200899550224,0.988674217188541,0.011325782811459,Midwest_FarNorth
0.4,216,89,2452,13420,0.7081967213114754,0.08095952023988,0.1453077699293642,0.8429251406317612,0.08095952023988,0.9934117995410467,0.0065882004589532,Midwest_FarNorth
0.4333333333333333,137,57,2531,13452,0.7061855670103093,0.0513493253373313,0.0957372466806429,0.840019781170798,0.0513493253373313,0.9957805907172996,0.0042194092827004,Midwest_FarNorth
0.4666666666666667,50,19,2618,13490,0.7246376811594203,0.0187406296851574,0.0365363536719035,0.8369907893923472,0.0187406296851574,0.9985935302391,0.0014064697609001,Midwest_FarNorth
0.5,0,0,2668,13509,0.0,0.0,0.0,0.8350744884712864,0.0,1.0,0.0,Midwest_FarNorth
0.5333333333333333,0,0,2668,13509,0.0,0.0,0.0,0.8350744884712864,0.0,1.0,0.0,Midwest_FarNorth
0.5666666666666667,0,0,2668,13509,0.0,0.0,0.0,0.8350744884712864,0.0,1.0,0.0,Midwest_FarNorth
0.6,0,0,2668,13509,0.0,0.0,0.0,0.8350744884712864,0.0,1.0,0.0,Midwest_FarNorth
0.6333333333333333,0,0,2668,13509,0.0,0.0,0.0,0.8350744884712864,0.0,1.0,0.0,Midwest_FarNorth
0.6666666666666666,0,0,2668,13509,0.0,0.0,0.0,0.8350744884712864,0.0,1.0,0.0,Midwest_FarNorth
0.7,0,0,2668,13509,0.0,0.0,0.0,0.8350744884712864,0.0,1.0,0.0,Midwest_FarNorth
0.7333333333333333,0,0,2668,13509,0.0,0.0,0.0,0.8350744884712864,0.0,1.0,0.0,Midwest_FarNorth
0.7666666666666666,0,0,2668,13509,0.0,0.0,0.0,0.8350744884712864,0.0,1.0,0.0,Midwest_FarNorth
0.8,0,0,2668,13509,0.0,0.0,0.0,0.8350744884712864,0.0,1.0,0.0,Midwest_FarNorth
0.8333333333333334,0,0,2668,13509,0.0,0.0,0.0,0.8350744884712864,0.0,1.0,0.0,Midwest_FarNorth
0.8666666666666667,0,0,2668,13509,0.0,0.0,0.0,0.8350744884712864,0.0,1.0,0.0,Midwest_FarNorth
0.9,0,0,2668,13509,0.0,0.0,0.0,0.8350744884712864,0.0,1.0,0.0,Midwest_FarNorth
0.9333333333333332,0,0,2668,13509,0.0,0.0,0.0,0.8350744884712864,0.0,1.0,0.0,Midwest_FarNorth
0.9666666666666668,0,0,2668,13509,0.0,0.0,0.0,0.8350744884712864,0.0,1.0,0.0,Midwest_FarNorth
1.0,0,0,2668,13509,0.0,0.0,0.0,0.8350744884712864,0.0,1.0,0.0,Midwest_FarNorth
0.0,3270,15874,0,0,0.1708106978687839,1.0,0.2917819220130275,0.1708106978687839,1.0,0.0,1.0,Midwest_Mid
0.0333333333333333,3232,14889,38,985,0.178356602836488,0.9883792048929664,0.3021831611425365,0.2202778938570831,0.9883792048929664,0.0620511528285246,0.9379488471714754,Midwest_Mid
0.0666666666666666,2970,10982,300,4892,0.2128727064220183,0.908256880733945,0.3449076762280804,0.4106769745089845,0.908256880733945,0.3081768930326319,0.691823106967368,Midwest_Mid
0.1,2315,7135,955,8739,0.2449735449735449,0.7079510703363915,0.3639937106918239,0.5774132887588801,0.7079510703363915,0.5505228675822099,0.4494771324177901,Midwest_Mid
0.1333333333333333,1594,4251,1676,11623,0.2727117194183062,0.4874617737003058,0.3497531541415249,0.6903990806519014,0.4874617737003058,0.7322036033765906,0.2677963966234093,Midwest_Mid
0.1666666666666666,1033,2368,2237,13506,0.3037341958247574,0.3159021406727829,0.309698695847699,0.759454659423318,0.3159021406727829,0.8508252488345722,0.1491747511654277,Midwest_Mid
0.2,640,1276,2630,14598,0.3340292275574112,0.1957186544342507,0.2468183571153104,0.7959674049310489,0.1957186544342507,0.9196169837470076,0.0803830162529923,Midwest_Mid
0.2333333333333333,399,649,2871,15225,0.3807251908396946,0.1220183486238532,0.1848077813802686,0.8161303802758044,0.1220183486238532,0.95911553483684,0.0408844651631598,Midwest_Mid
0.2666666666666666,220,297,3050,15577,0.425531914893617,0.0672782874617737,0.1161869553736466,0.8251671541997493,0.0672782874617737,0.9812901600100794,0.0187098399899206,Midwest_Mid
0.3,114,110,3156,15764,0.5089285714285714,0.0348623853211009,0.0652547223812249,0.8293982448809026,0.0348623853211009,0.9930704296333628,0.0069295703666372,Midwest_Mid
0.3333333333333333,53,42,3217,15832,0.5578947368421052,0.0162079510703363,0.0315007429420505,0.8297638946928542,0.0162079510703363,0.9973541640418294,0.0026458359581705,Midwest_Mid
0.3666666666666666,15,8,3255,15866,0.6521739130434783,0.0045871559633027,0.0091102338293349,0.8295549519431675,0.0045871559633027,0.9994960312460628,0.0005039687539372,Midwest_Mid
0.4,0,2,3270,15872,0.0,0.0,0.0,0.8290848307563727,0.0,0.9998740078115156,0.0001259921884843,Midwest_Mid
0.4333333333333333,0,0,3270,15874,0.0,0.0,0.0,0.829189302131216,0.0,1.0,0.0,Midwest_Mid
0.4666666666666667,0,0,3270,15874,0.0,0.0,0.0,0.829189302131216,0.0,1.0,0.0,Midwest_Mid
0.5,0,0,3270,15874,0.0,0.0,0.0,0.829189302131216,0.0,1.0,0.0,Midwest_Mid
0.5333333333333333,0,0,3270,15874,0.0,0.0,0.0,0.829189302131216,0.0,1.0,0.0,Midwest_Mid
0.5666666666666667,0,0,3270,15874,0.0,0.0,0.0,0.829189302131216,0.0,1.0,0.0,Midwest_Mid
0.6,0,0,3270,15874,0.0,0.0,0.0,0.829189302131216,0.0,1.0,0.0,Midwest_Mid
0.6333333333333333,0,0,3270,15874,0.0,0.0,0.0,0.829189302131216,0.0,1.0,0.0,Midwest_Mid
0.6666666666666666,0,0,3270,15874,0.0,0.0,0.0,0.829189302131216,0.0,1.0,0.0,Midwest_Mid
0.7,0,0,3270,15874,0.0,0.0,0.0,0.829189302131216,0.0,1.0,0.0,Midwest_Mid
0.7333333333333333,0,0,3270,15874,0.0,0.0,0.0,0.829189302131216,0.0,1.0,0.0,Midwest_Mid
0.7666666666666666,0,0,3270,15874,0.0,0.0,0.0,0.829189302131216,0.0,1.0,0.0,Midwest_Mid
0.8,0,0,3270,15874,0.0,0.0,0.0,0.829189302131216,0.0,1.0,0.0,Midwest_Mid
0.8333333333333334,0,0,3270,15874,0.0,0.0,0.0,0.829189302131216,0.0,1.0,0.0,Midwest_Mid
0.8666666666666667,0,0,3270,15874,0.0,0.0,0.0,0.829189302131216,0.0,1.0,0.0,Midwest_Mid
0.9,0,0,3270,15874,0.0,0.0,0.0,0.829189302131216,0.0,1.0,0.0,Midwest_Mid
0.9333333333333332,0,0,3270,15874,0.0,0.0,0.0,0.829189302131216,0.0,1.0,0.0,Midwest_Mid
0.9666666666666668,0,0,3270,15874,0.0,0.0,0.0,0.829189302131216,0.0,1.0,0.0,Midwest_Mid
1.0,0,0,3270,15874,0.0,0.0,0.0,0.829189302131216,0.0,1.0,0.0,Midwest_Mid
0.0,1900,13143,0,0,0.1263045934986372,1.0,0.2242814141533376,0.1263045934986372,1.0,0.0,1.0,Midwest_North
0.0333333333333333,1853,10625,47,2518,0.1485013623978201,0.9752631578947368,0.2577549033245235,0.290567041148707,0.9752631578947368,0.1915848740774556,0.8084151259225443,Midwest_North
0.0666666666666666,1628,6729,272,6414,0.1948067488333134,0.8568421052631578,0.3174417470995417,0.5346008110084425,0.8568421052631578,0.4880164346039717,0.5119835653960283,Midwest_North
0.1,1330,4233,570,8910,0.2390796332913895,0.7,0.3564250301487337,0.6807152828558133,0.7,0.6779274138324584,0.3220725861675416,Midwest_North
0.1333333333333333,1007,2656,893,10487,0.2749112749112749,0.53,0.3620348732698184,0.7640763145649139,0.53,0.7979152400517385,0.2020847599482614,Midwest_North
0.1666666666666666,783,1764,1117,11379,0.3074204946996466,0.4121052631578947,0.3521475151787723,0.8084823505949611,0.4121052631578947,0.865784067564483,0.134215932435517,Midwest_North
0.2,591,1185,1309,11958,0.3327702702702703,0.3110526315789473,0.3215451577801959,0.8342086020075783,0.3110526315789473,0.909837936544168,0.090162063455832,Midwest_North
0.2333333333333333,439,723,1461,12420,0.3777969018932874,0.2310526315789473,0.286740692357936,0.8548161935784085,0.2310526315789473,0.9449897283725176,0.0550102716274823,Midwest_North
0.2666666666666666,294,417,1606,12726,0.4135021097046413,0.1547368421052631,0.225201072386059,0.865518845974872,0.1547368421052631,0.9682720839990868,0.031727916000913,Midwest_North
0.3,196,228,1704,12915,0.4622641509433962,0.1031578947368421,0.1686746987951807,0.8715681712424383,0.1031578947368421,0.982652362474321,0.017347637525679,Midwest_North
0.3333333333333333,103,122,1797,13021,0.4577777777777778,0.0542105263157894,0.0969411764705882,0.8724323605663764,0.0542105263157894,0.9907174922011718,0.0092825077988282,Midwest_North
0.3666666666666666,58,62,1842,13081,0.4833333333333333,0.0305263157894736,0.0574257425742574,0.8734295020939972,0.0305263157894736,0.9952826599710872,0.0047173400289127,Midwest_North
0.4,43,42,1857,13101,0.5058823529411764,0.0226315789473684,0.0433249370277078,0.8737618826032042,0.0226315789473684,0.9968043825610592,0.0031956174389408,Midwest_North
0.4333333333333333,27,14,1873,13129,0.6585365853658537,0.0142105263157894,0.0278207109737248,0.8745595958253009,0.0142105263157894,0.9989347941870196,0.0010652058129802,Midwest_North
0.4666666666666667,10,2,1890,13141,0.8333333333333334,0.0052631578947368,0.0104602510460251,0.8742272153160938,0.0052631578947368,0.9998478277410028,0.0001521722589971,Midwest_North
0.5,0,0,1900,13143,0.0,0.0,0.0,0.8736954065013628,0.0,1.0,0.0,Midwest_North
0.5333333333333333,0,0,1900,13143,0.0,0.0,0.0,0.8736954065013628,0.0,1.0,0.0,Midwest_North
0.5666666666666667,0,0,1900,13143,0.0,0.0,0.0,0.8736954065013628,0.0,1.0,0.0,Midwest_North
0.6,0,0,1900,13143,0.0,0.0,0.0,0.8736954065013628,0.0,1.0,0.0,Midwest_North
0.6333333333333333,0,0,1900,13143,0.0,0.0,0.0,0.8736954065013628,0.0,1.0,0.0,Midwest_North
0.6666666666666666,0,0,1900,13143,0.0,0.0,0.0,0.8736954065013628,0.0,1.0,0.0,Midwest_North
0.7,0,0,1900,13143,0.0,0.0,0.0,0.8736954065013628,0.0,1.0,0.0,Midwest_North
0.7333333333333333,0,0,1900,13143,0.0,0.0,0.0,0.8736954065013628,0.0,1.0,0.0,Midwest_North
0.7666666666666666,0,0,1900,13143,0.0,0.0,0.0,0.8736954065013628,0.0,1.0,0.0,Midwest_North
0.8,0,0,1900,13143,0.0,0.0,0.0,0.8736954065013628,0.0,1.0,0.0,Midwest_North
0.8333333333333334,0,0,1900,13143,0.0,0.0,0.0,0.8736954065013628,0.0,1.0,0.0,Midwest_North
0.8666666666666667,0,0,1900,13143,0.0,0.0,0.0,0.8736954065013628,0.0,1.0,0.0,Midwest_North
0.9,0,0,1900,13143,0.0,0.0,0.0,0.8736954065013628,0.0,1.0,0.0,Midwest_North
0.9333333333333332,0,0,1900,13143,0.0,0.0,0.0,0.8736954065013628,0.0,1.0,0.0,Midwest_North
0.9666666666666668,0,0,1900,13143,0.0,0.0,0.0,0.8736954065013628,0.0,1.0,0.0,Midwest_North
1.0,0,0,1900,13143,0.0,0.0,0.0,0.8736954065013628,0.0,1.0,0.0,Midwest_North
0.0,661,3386,0,0,0.1633308623671855,1.0,0.2807986406117247,0.1633308623671855,1.0,0.0,1.0,Midwest_South
0.0333333333333333,659,3362,2,24,0.1638895797065406,0.9969742813918304,0.2815036309269543,0.1687669878922658,0.9969742813918304,0.0070880094506792,0.9929119905493208,Midwest_South
0.0666666666666666,556,2207,105,1179,0.2012305465074194,0.8411497730711044,0.3247663551401869,0.4287126266370151,0.8411497730711044,0.348198464264619,0.651801535735381,Midwest_South
0.1,419,1180,242,2206,0.2620387742338962,0.6338880484114977,0.3707964601769912,0.6486286137879911,0.6338880484114977,0.6515062020082694,0.3484937979917306,Midwest_South
0.1333333333333333,183,478,478,2908,0.2768532526475037,0.2768532526475037,0.2768532526475037,0.7637756362737831,0.2768532526475037,0.8588304784406379,0.141169521559362,Midwest_South
0.1666666666666666,37,79,624,3307,0.3189655172413793,0.0559757942511346,0.0952380952380952,0.8262910798122066,0.0559757942511346,0.9766686355581808,0.0233313644418192,Midwest_South
0.2,0,0,661,3386,0.0,0.0,0.0,0.8366691376328145,0.0,1.0,0.0,Midwest_South
0.2333333333333333,0,0,661,3386,0.0,0.0,0.0,0.8366691376328145,0.0,1.0,0.0,Midwest_South
0.2666666666666666,0,0,661,3386,0.0,0.0,0.0,0.8366691376328145,0.0,1.0,0.0,Midwest_South
0.3,0,0,661,3386,0.0,0.0,0.0,0.8366691376328145,0.0,1.0,0.0,Midwest_South
0.3333333333333333,0,0,661,3386,0.0,0.0,0.0,0.8366691376328145,0.0,1.0,0.0,Midwest_South
0.3666666666666666,0,0,661,3386,0.0,0.0,0.0,0.8366691376328145,0.0,1.0,0.0,Midwest_South
0.4,0,0,661,3386,0.0,0.0,0.0,0.8366691376328145,0.0,1.0,0.0,Midwest_South
0.4333333333333333,0,0,661,3386,0.0,0.0,0.0,0.8366691376328145,0.0,1.0,0.0,Midwest_South
0.4666666666666667,0,0,661,3386,0.0,0.0,0.0,0.8366691376328145,0.0,1.0,0.0,Midwest_South
0.5,0,0,661,3386,0.0,0.0,0.0,0.8366691376328145,0.0,1.0,0.0,Midwest_South
0.5333333333333333,0,0,661,3386,0.0,0.0,0.0,0.8366691376328145,0.0,1.0,0.0,Midwest_South
0.5666666666666667,0,0,661,3386,0.0,0.0,0.0,0.8366691376328145,0.0,1.0,0.0,Midwest_South
0.6,0,0,661,3386,0.0,0.0,0.0,0.8366691376328145,0.0,1.0,0.0,Midwest_South
0.6333333333333333,0,0,661,3386,0.0,0.0,0.0,0.8366691376328145,0.0,1.0,0.0,Midwest_South
0.6666666666666666,0,0,661,3386,0.0,0.0,0.0,0.8366691376328145,0.0,1.0,0.0,Midwest_South
0.7,0,0,661,3386,0.0,0.0,0.0,0.8366691376328145,0.0,1.0,0.0,Midwest_South
0.7333333333333333,0,0,661,3386,0.0,0.0,0.0,0.8366691376328145,0.0,1.0,0.0,Midwest_South
0.7666666666666666,0,0,661,3386,0.0,0.0,0.0,0.8366691376328145,0.0,1.0,0.0,Midwest_South
0.8,0,0,661,3386,0.0,0.0,0.0,0.8366691376328145,0.0,1.0,0.0,Midwest_South
0.8333333333333334,0,0,661,3386,0.0,0.0,0.0,0.8366691376328145,0.0,1.0,0.0,Midwest_South
0.8666666666666667,0,0,661,3386,0.0,0.0,0.0,0.8366691376328145,0.0,1.0,0.0,Midwest_South
0.9,0,0,661,3386,0.0,0.0,0.0,0.8366691376328145,0.0,1.0,0.0,Midwest_South
0.9333333333333332,0,0,661,3386,0.0,0.0,0.0,0.8366691376328145,0.0,1.0,0.0,Midwest_South
0.9666666666666668,0,0,661,3386,0.0,0.0,0.0,0.8366691376328145,0.0,1.0,0.0,Midwest_South
1.0,0,0,661,3386,0.0,0.0,0.0,0.8366691376328145,0.0,1.0,0.0,Midwest_South
0.0,261,1544,0,0,0.1445983379501385,1.0,0.2526621490803485,0.1445983379501385,1.0,0.0,1.0,NorthEast_FarNorth
0.0333333333333333,261,1534,0,10,0.1454038997214484,1.0,0.2538910505836576,0.1501385041551246,1.0,0.0064766839378238,0.993523316062176,NorthEast_FarNorth
0.0666666666666666,194,1059,67,485,0.154828411811652,0.7432950191570882,0.2562747688243064,0.3761772853185595,0.7432950191570882,0.3141191709844559,0.685880829015544,NorthEast_FarNorth
0.1,109,398,152,1146,0.2149901380670611,0.4176245210727969,0.2838541666666667,0.6952908587257618,0.4176245210727969,0.7422279792746114,0.2577720207253886,NorthEast_FarNorth
0.1333333333333333,39,112,222,1432,0.2582781456953642,0.1494252873563218,0.1893203883495145,0.8149584487534626,0.1494252873563218,0.927461139896373,0.0725388601036269,NorthEast_FarNorth
0.1666666666666666,19,27,242,1517,0.4130434782608695,0.0727969348659003,0.1237785016286645,0.8509695290858725,0.0727969348659003,0.9825129533678756,0.0174870466321243,NorthEast_FarNorth
0.2,5,5,256,1539,0.5,0.0191570881226053,0.03690036900369,0.8554016620498615,0.0191570881226053,0.996761658031088,0.0032383419689119,NorthEast_FarNorth
0.2333333333333333,0,0,261,1544,0.0,0.0,0.0,0.8554016620498615,0.0,1.0,0.0,NorthEast_FarNorth
0.2666666666666666,0,0,261,1544,0.0,0.0,0.0,0.8554016620498615,0.0,1.0,0.0,NorthEast_FarNorth
0.3,0,0,261,1544,0.0,0.0,0.0,0.8554016620498615,0.0,1.0,0.0,NorthEast_FarNorth
0.3333333333333333,0,0,261,1544,0.0,0.0,0.0,0.8554016620498615,0.0,1.0,0.0,NorthEast_FarNorth
0.3666666666666666,0,0,261,1544,0.0,0.0,0.0,0.8554016620498615,0.0,1.0,0.0,NorthEast_FarNorth
0.4,0,0,261,1544,0.0,0.0,0.0,0.8554016620498615,0.0,1.0,0.0,NorthEast_FarNorth
0.4333333333333333,0,0,261,1544,0.0,0.0,0.0,0.8554016620498615,0.0,1.0,0.0,NorthEast_FarNorth
0.4666666666666667,0,0,261,1544,0.0,0.0,0.0,0.8554016620498615,0.0,1.0,0.0,NorthEast_FarNorth
0.5,0,0,261,1544,0.0,0.0,0.0,0.8554016620498615,0.0,1.0,0.0,NorthEast_FarNorth
0.5333333333333333,0,0,261,1544,0.0,0.0,0.0,0.8554016620498615,0.0,1.0,0.0,NorthEast_FarNorth
0.5666666666666667,0,0,261,1544,0.0,0.0,0.0,0.8554016620498615,0.0,1.0,0.0,NorthEast_FarNorth
0.6,0,0,261,1544,0.0,0.0,0.0,0.8554016620498615,0.0,1.0,0.0,NorthEast_FarNorth
0.6333333333333333,0,0,261,1544,0.0,0.0,0.0,0.8554016620498615,0.0,1.0,0.0,NorthEast_FarNorth
0.6666666666666666,0,0,261,1544,0.0,0.0,0.0,0.8554016620498615,0.0,1.0,0.0,NorthEast_FarNorth
0.7,0,0,261,1544,0.0,0.0,0.0,0.8554016620498615,0.0,1.0,0.0,NorthEast_FarNorth
0.7333333333333333,0,0,261,1544,0.0,0.0,0.0,0.8554016620498615,0.0,1.0,0.0,NorthEast_FarNorth
0.7666666666666666,0,0,261,1544,0.0,0.0,0.0,0.8554016620498615,0.0,1.0,0.0,NorthEast_FarNorth
0.8,0,0,261,1544,0.0,0.0,0.0,0.8554016620498615,0.0,1.0,0.0,NorthEast_FarNorth
0.8333333333333334,0,0,261,1544,0.0,0.0,0.0,0.8554016620498615,0.0,1.0,0.0,NorthEast_FarNorth
0.8666666666666667,0,0,261,1544,0.0,0.0,0.0,0.8554016620498615,0.0,1.0,0.0,NorthEast_FarNorth
0.9,0,0,261,1544,0.0,0.0,0.0,0.8554016620498615,0.0,1.0,0.0,NorthEast_FarNorth
0.9333333333333332,0,0,261,1544,0.0,0.0,0.0,0.8554016620498615,0.0,1.0,0.0,NorthEast_FarNorth
0.9666666666666668,0,0,261,1544,0.0,0.0,0.0,0.8554016620498615,0.0,1.0,0.0,NorthEast_FarNorth
1.0,0,0,261,1544,0.0,0.0,0.0,0.8554016620498615,0.0,1.0,0.0,NorthEast_FarNorth
0.0,4183,25973,0,0,0.1387120307733121,1.0,0.2436296921867265,0.1387120307733121,1.0,0.0,1.0,NorthEast_North
0.0333333333333333,4131,25058,52,915,0.1415259172976121,0.9875687305761416,0.2475728155339805,0.1673298846000795,0.9875687305761416,0.0352288915412158,0.964771108458784,NorthEast_North
0.0666666666666666,3396,14616,787,11357,0.1885409726848767,0.8118575185273726,0.3060148682135616,0.48922270858204,0.8118575185273726,0.4372617718399876,0.5627382281600123,NorthEast_North
0.1,2734,7617,1449,18356,0.2641290696551058,0.6535978962467129,0.3762212742534746,0.6993633107839236,0.6535978962467129,0.7067339159896816,0.2932660840103184,NorthEast_North
0.1333333333333333,1994,4068,2189,21905,0.3289343451006268,0.4766913698302653,0.389263055148853,0.7925122695317681,0.4766913698302653,0.8433758133446271,0.1566241866553729,NorthEast_North
0.1666666666666666,1240,1734,2943,24239,0.4169468728984533,0.2964379631843175,0.3465139024731032,0.8449064862713888,0.2964379631843175,0.9332383629153352,0.0667616370846648,NorthEast_North
0.2,439,428,3744,25545,0.5063437139561707,0.1049486014821898,0.1738613861386138,0.861652739090065,0.1049486014821898,0.9835213490932893,0.0164786509067108,NorthEast_North
0.2333333333333333,54,64,4129,25909,0.4576271186440678,0.0129093951709299,0.02511043943269,0.8609563602599815,0.0129093951709299,0.9975359026681554,0.0024640973318446,NorthEast_North
0.2666666666666666,11,10,4172,25963,0.5238095238095238,0.0026296916088931,0.0052331113225499,0.8613211301233585,0.0026296916088931,0.9996149847918993,0.0003850152081007,NorthEast_North
0.3,1,1,4182,25972,0.5,0.0002390628735357,0.0004778972520908,0.8612879692266879,0.0002390628735357,0.99996149847919,3.8501520810072e-05,NorthEast_North
0.3333333333333333,0,0,4183,25973,0.0,0.0,0.0,0.8612879692266879,0.0,1.0,0.0,NorthEast_North
0.3666666666666666,0,0,4183,25973,0.0,0.0,0.0,0.8612879692266879,0.0,1.0,0.0,NorthEast_North
0.4,0,0,4183,25973,0.0,0.0,0.0,0.8612879692266879,0.0,1.0,0.0,NorthEast_North
0.4333333333333333,0,0,4183,25973,0.0,0.0,0.0,0.8612879692266879,0.0,1.0,0.0,NorthEast_North
0.4666666666666667,0,0,4183,25973,0.0,0.0,0.0,0.8612879692266879,0.0,1.0,0.0,NorthEast_North
0.5,0,0,4183,25973,0.0,0.0,0.0,0.8612879692266879,0.0,1.0,0.0,NorthEast_North
0.5333333333333333,0,0,4183,25973,0.0,0.0,0.0,0.8612879692266879,0.0,1.0,0.0,NorthEast_North
0.5666666666666667,0,0,4183,25973,0.0,0.0,0.0,0.8612879692266879,0.0,1.0,0.0,NorthEast_North
0.6,0,0,4183,25973,0.0,0.0,0.0,0.8612879692266879,0.0,1.0,0.0,NorthEast_North
0.6333333333333333,0,0,4183,25973,0.0,0.0,0.0,0.8612879692266879,0.0,1.0,0.0,NorthEast_North
0.6666666666666666,0,0,4183,25973,0.0,0.0,0.0,0.8612879692266879,0.0,1.0,0.0,NorthEast_North
0.7,0,0,4183,25973,0.0,0.0,0.0,0.8612879692266879,0.0,1.0,0.0,NorthEast_North
0.7333333333333333,0,0,4183,25973,0.0,0.0,0.0,0.8612879692266879,0.0,1.0,0.0,NorthEast_North
0.7666666666666666,0,0,4183,25973,0.0,0.0,0.0,0.8612879692266879,0.0,1.0,0.0,NorthEast_North
0.8,0,0,4183,25973,0.0,0.0,0.0,0.8612879692266879,0.0,1.0,0.0,NorthEast_North
0.8333333333333334,0,0,4183,25973,0.0,0.0,0.0,0.8612879692266879,0.0,1.0,0.0,NorthEast_North
0.8666666666666667,0,0,4183,25973,0.0,0.0,0.0,0.8612879692266879,0.0,1.0,0.0,NorthEast_North
0.9,0,0,4183,25973,0.0,0.0,0.0,0.8612879692266879,0.0,1.0,0.0,NorthEast_North
0.9333333333333332,0,0,4183,25973,0.0,0.0,0.0,0.8612879692266879,0.0,1.0,0.0,NorthEast_North
0.9666666666666668,0,0,4183,25973,0.0,0.0,0.0,0.8612879692266879,0.0,1.0,0.0,NorthEast_North
1.0,0,0,4183,25973,0.0,0.0,0.0,0.8612879692266879,0.0,1.0,0.0,NorthEast_North
0.0,4444,27517,0,0,0.1390444604361565,1.0,0.2441422881472325,0.1390444604361565,1.0,0.0,1.0,NorthEast_NorthBand_COMBINED
0.0333333333333333,4440,27268,4,249,0.1400277532483915,0.9990999099909992,0.2456295640628457,0.1467100528769437,0.9990999099909992,0.0090489515572191,0.9909510484427808,NorthEast_NorthBand_COMBINED
0.0666666666666666,3745,15996,699,11521,0.1897067017881566,0.8427092709270927,0.3096960926193922,0.4776446293920716,0.8427092709270927,0.4186866300832212,0.5813133699167787,NorthEast_NorthBand_COMBINED
0.1,2749,7724,1695,19793,0.2624844839110092,0.6185868586858686,0.3685727693235905,0.7052970808172461,0.6185868586858686,0.719300795871643,0.280699204128357,NorthEast_NorthBand_COMBINED
0.1333333333333333,1824,3032,2620,24485,0.3756177924217463,0.4104410441044104,0.3922580645161291,0.8231594756109007,0.4104410441044104,0.8898135697932187,0.1101864302067812,NorthEast_NorthBand_COMBINED
0.1666666666666666,904,1098,3540,26419,0.4515484515484515,0.2034203420342034,0.2804840210983556,0.8548856418760364,0.2034203420342034,0.9600973943380456,0.0399026056619544,NorthEast_NorthBand_COMBINED
0.2,415,282,4029,27235,0.5954088952654233,0.0933843384338433,0.1614471892627893,0.8651168611745564,0.0933843384338433,0.9897517898026674,0.0102482101973325,NorthEast_NorthBand_COMBINED
0.2333333333333333,93,50,4351,27467,0.6503496503496503,0.0209270927092709,0.040549378678875,0.8623009292575327,0.0209270927092709,0.9981829414543736,0.0018170585456263,NorthEast_NorthBand_COMBINED
0.2666666666666666,5,4,4439,27513,0.5555555555555556,0.0011251125112511,0.002245677071637,0.8609868276962548,0.0011251125112511,0.99985463531635,0.0001453646836501,NorthEast_NorthBand_COMBINED
0.3,0,0,4444,27517,0.0,0.0,0.0,0.8609555395638434,0.0,1.0,0.0,NorthEast_NorthBand_COMBINED
0.3333333333333333,0,0,4444,27517,0.0,0.0,0.0,0.8609555395638434,0.0,1.0,0.0,NorthEast_NorthBand_COMBINED
0.3666666666666666,0,0,4444,27517,0.0,0.0,0.0,0.8609555395638434,0.0,1.0,0.0,NorthEast_NorthBand_COMBINED
0.4,0,0,4444,27517,0.0,0.0,0.0,0.8609555395638434,0.0,1.0,0.0,NorthEast_NorthBand_COMBINED
0.4333333333333333,0,0,4444,27517,0.0,0.0,0.0,0.8609555395638434,0.0,1.0,0.0,NorthEast_NorthBand_COMBINED
0.4666666666666667,0,0,4444,27517,0.0,0.0,0.0,0.8609555395638434,0.0,1.0,0.0,NorthEast_NorthBand_COMBINED
0.5,0,0,4444,27517,0.0,0.0,0.0,0.8609555395638434,0.0,1.0,0.0,NorthEast_NorthBand_COMBINED
0.5333333333333333,0,0,4444,27517,0.0,0.0,0.0,0.8609555395638434,0.0,1.0,0.0,NorthEast_NorthBand_COMBINED
0.5666666666666667,0,0,4444,27517,0.0,0.0,0.0,0.8609555395638434,0.0,1.0,0.0,NorthEast_NorthBand_COMBINED
0.6,0,0,4444,27517,0.0,0.0,0.0,0.8609555395638434,0.0,1.0,0.0,NorthEast_NorthBand_COMBINED
0.6333333333333333,0,0,4444,27517,0.0,0.0,0.0,0.8609555395638434,0.0,1.0,0.0,NorthEast_NorthBand_COMBINED
0.6666666666666666,0,0,4444,27517,0.0,0.0,0.0,0.8609555395638434,0.0,1.0,0.0,NorthEast_NorthBand_COMBINED
0.7,0,0,4444,27517,0.0,0.0,0.0,0.8609555395638434,0.0,1.0,0.0,NorthEast_NorthBand_COMBINED
0.7333333333333333,0,0,4444,27517,0.0,0.0,0.0,0.8609555395638434,0.0,1.0,0.0,NorthEast_NorthBand_COMBINED
0.7666666666666666,0,0,4444,27517,0.0,0.0,0.0,0.8609555395638434,0.0,1.0,0.0,NorthEast_NorthBand_COMBINED
0.8,0,0,4444,27517,0.0,0.0,0.0,0.8609555395638434,0.0,1.0,0.0,NorthEast_NorthBand_COMBINED
0.8333333333333334,0,0,4444,27517,0.0,0.0,0.0,0.8609555395638434,0.0,1.0,0.0,NorthEast_NorthBand_COMBINED
0.8666666666666667,0,0,4444,27517,0.0,0.0,0.0,0.8609555395638434,0.0,1.0,0.0,NorthEast_NorthBand_COMBINED
0.9,0,0,4444,27517,0.0,0.0,0.0,0.8609555395638434,0.0,1.0,0.0,NorthEast_NorthBand_COMBINED
0.9333333333333332,0,0,4444,27517,0.0,0.0,0.0,0.8609555395638434,0.0,1.0,0.0,NorthEast_NorthBand_COMBINED
0.9666666666666668,0,0,4444,27517,0.0,0.0,0.0,0.8609555395638434,0.0,1.0,0.0,NorthEast_NorthBand_COMBINED
1.0,0,0,4444,27517,0.0,0.0,0.0,0.8609555395638434,0.0,1.0,0.0,NorthEast_NorthBand_COMBINED
0.0,4893,27314,0,0,0.1519234948924147,1.0,0.2637735849056604,0.1519234948924147,1.0,0.0,1.0,West_FarNorth
0.0333333333333333,4831,25465,62,1849,0.1594599947187747,0.9873288371142448,0.2745744408764102,0.2074083273822461,0.9873288371142448,0.0676942227429157,0.9323057772570844,West_FarNorth
0.0666666666666666,3854,14850,1039,12464,0.2060521813515825,0.7876558348661353,0.3266516930118235,0.5066600428478281,0.7876558348661353,0.4563227648824778,0.5436772351175222,West_FarNorth
0.1,2326,7323,2567,19991,0.2410612498704529,0.47537298181075,0.3199009764819145,0.6929238985313751,0.47537298181075,0.7318957311268947,0.2681042688731053,West_FarNorth
0.1333333333333333,902,2414,3991,24900,0.2720144752714113,0.1843449826282444,0.2197588013156292,0.8011301890893284,0.1843449826282444,0.9116204144394816,0.0883795855605184,West_FarNorth
0.1666666666666666,192,563,4701,26751,0.2543046357615894,0.0392397302268546,0.0679886685552408,0.8365572701586612,0.0392397302268546,0.9793878597056456,0.0206121402943545,West_FarNorth
0.2,48,87,4845,27227,0.3555555555555555,0.0098099325567136,0.0190930787589498,0.846865588226162,0.0098099325567136,0.9968148202387054,0.0031851797612945,West_FarNorth
0.2333333333333333,24,7,4869,27307,0.7741935483870968,0.0049049662783568,0.0097481722177091,0.8486043406712827,0.0049049662783568,0.9997437211686314,0.0002562788313685,West_FarNorth
0.2666666666666666,0,0,4893,27314,0.0,0.0,0.0,0.8480765051075853,0.0,1.0,0.0,West_FarNorth
0.3,0,0,4893,27314,0.0,0.0,0.0,0.8480765051075853,0.0,1.0,0.0,West_FarNorth
0.3333333333333333,0,0,4893,27314,0.0,0.0,0.0,0.8480765051075853,0.0,1.0,0.0,West_FarNorth
0.3666666666666666,0,0,4893,27314,0.0,0.0,0.0,0.8480765051075853,0.0,1.0,0.0,West_FarNorth
0.4,0,0,4893,27314,0.0,0.0,0.0,0.8480765051075853,0.0,1.0,0.0,West_FarNorth
0.4333333333333333,0,0,4893,27314,0.0,0.0,0.0,0.8480765051075853,0.0,1.0,0.0,West_FarNorth
0.4666666666666667,0,0,4893,27314,0.0,0.0,0.0,0.8480765051075853,0.0,1.0,0.0,West_FarNorth
0.5,0,0,4893,27314,0.0,0.0,0.0,0.8480765051075853,0.0,1.0,0.0,West_FarNorth
0.5333333333333333,0,0,4893,27314,0.0,0.0,0.0,0.8480765051075853,0.0,1.0,0.0,West_FarNorth
0.5666666666666667,0,0,4893,27314,0.0,0.0,0.0,0.8480765051075853,0.0,1.0,0.0,West_FarNorth
0.6,0,0,4893,27314,0.0,0.0,0.0,0.8480765051075853,0.0,1.0,0.0,West_FarNorth
0.6333333333333333,0,0,4893,27314,0.0,0.0,0.0,0.8480765051075853,0.0,1.0,0.0,West_FarNorth
0.6666666666666666,0,0,4893,27314,0.0,0.0,0.0,0.8480765051075853,0.0,1.0,0.0,West_FarNorth
0.7,0,0,4893,27314,0.0,0.0,0.0,0.8480765051075853,0.0,1.0,0.0,West_FarNorth
0.7333333333333333,0,0,4893,27314,0.0,0.0,0.0,0.8480765051075853,0.0,1.0,0.0,West_FarNorth
0.7666666666666666,0,0,4893,27314,0.0,0.0,0.0,0.8480765051075853,0.0,1.0,0.0,West_FarNorth
0.8,0,0,4893,27314,0.0,0.0,0.0,0.8480765051075853,0.0,1.0,0.0,West_FarNorth
0.8333333333333334,0,0,4893,27314,0.0,0.0,0.0,0.8480765051075853,0.0,1.0,0.0,West_FarNorth
0.8666666666666667,0,0,4893,27314,0.0,0.0,0.0,0.8480765051075853,0.0,1.0,0.0,West_FarNorth
0.9,0,0,4893,27314,0.0,0.0,0.0,0.8480765051075853,0.0,1.0,0.0,West_FarNorth
0.9333333333333332,0,0,4893,27314,0.0,0.0,0.0,0.8480765051075853,0.0,1.0,0.0,West_FarNorth
0.9666666666666668,0,0,4893,27314,0.0,0.0,0.0,0.8480765051075853,0.0,1.0,0.0,West_FarNorth
1.0,0,0,4893,27314,0.0,0.0,0.0,0.8480765051075853,0.0,1.0,0.0,West_FarNorth
0.0,145371,179147,0,0,0.4479597433732489,1.0,0.6187461294050297,0.4479597433732489,1.0,0.0,1.0,West_Mid
0.0333333333333333,145370,179081,1,66,0.4480491661298624,0.9999931210489024,0.6188301101268141,0.4481600404291904,0.9999931210489024,0.0003684125327245,0.9996315874672754,West_Mid
0.0666666666666666,145317,177376,54,1771,0.4503258515059204,0.999628536640733,0.6209279072947289,0.4532506671432709,0.999628536640733,0.0098857362947746,0.9901142637052254,West_Mid
0.1,145083,172205,288,6942,0.4572596505383122,0.9980188620839094,0.6271703349551181,0.4684639989153144,0.9980188620839094,0.0387503000329338,0.961249699967066,West_Mid
0.1333333333333333,143987,162204,1384,16943,0.4702522281843685,0.9904795316810092,0.6377285954088253,0.4959046955792899,0.9904795316810092,0.0945759627568421,0.905424037243158,West_Mid
0.1666666666666666,140774,144631,4597,34516,0.4932429354776546,0.968377461804624,0.6535833008338441,0.5401549374765036,0.968377461804624,0.192668590598782,0.807331409401218,West_Mid
0.2,135027,123270,10344,55877,0.522758684769858,0.9288441298470808,0.6690002675465977,0.5882693718068027,0.9288441298470808,0.3119058650158808,0.6880941349841192,West_Mid
0.2333333333333333,127857,102058,17514,77089,0.5561055172563774,0.8795220504777431,0.6813843308836461,0.6315396988764876,0.8795220504777431,0.4303114202303136,0.5696885797696863,West_Mid
0.2666666666666666,120613,85678,24758,93469,0.5846740769107717,0.8296909287271876,0.6859598136847314,0.6596922204623472,0.8296909287271876,0.5217447124428541,0.4782552875571458,West_Mid
0.3,112435,73149,32936,105998,0.6058442538149841,0.7734348666515329,0.6794579323472979,0.6730997972377495,0.7734348666515329,0.591681691571726,0.408318308428274,West_Mid
0.3333333333333333,104125,62888,41246,116259,0.6234544616287355,0.7162707830310034,0.6666474595369801,0.6791117904091607,0.7162707830310034,0.6489586763942461,0.3510413236057539,West_Mid
0.3666666666666666,92314,53100,53057,126047,0.6348357104542891,0.6350234916179981,0.6349295871520195,0.6728779297296298,0.6350234916179981,0.703595371398907,0.2964046286010929,West_Mid
0.4,74154,42050,71217,137097,0.6381363808474751,0.5101017396867326,0.566980789448533,0.650968513302806,0.5101017396867326,0.7652765605899066,0.2347234394100933,West_Mid
0.4333333333333333,51541,29212,93830,149935,0.6382549255136032,0.3545480185181363,0.4558649236701986,0.6208469175823838,0.3545480185181363,0.8369383802128978,0.1630616197871022,West_Mid
0.4666666666666667,25700,14700,119671,164447,0.6361386138613861,0.1767890432066918,0.2766847355076949,0.5859366814783772,0.1767890432066918,0.91794448134772,0.0820555186522799,West_Mid
0.5,0,0,145371,179147,0.0,0.0,0.0,0.552040256626751,0.0,1.0,0.0,West_Mid
0.5333333333333333,0,0,145371,179147,0.0,0.0,0.0,0.552040256626751,0.0,1.0,0.0,West_Mid
0.5666666666666667,0,0,145371,179147,0.0,0.0,0.0,0.552040256626751,0.0,1.0,0.0,West_Mid
0.6,0,0,145371,179147,0.0,0.0,0.0,0.552040256626751,0.0,1.0,0.0,West_Mid
0.6333333333333333,0,0,145371,179147,0.0,0.0,0.0,0.552040256626751,0.0,1.0,0.0,West_Mid
0.6666666666666666,0,0,145371,179147,0.0,0.0,0.0,0.552040256626751,0.0,1.0,0.0,West_Mid
0.7,0,0,145371,179147,0.0,0.0,0.0,0.552040256626751,0.0,1.0,0.0,West_Mid
0.7333333333333333,0,0,145371,179147,0.0,0.0,0.0,0.552040256626751,0.0,1.0,0.0,West_Mid
0.7666666666666666,0,0,145371,179147,0.0,0.0,0.0,0.552040256626751,0.0,1.0,0.0,West_Mid
0.8,0,0,145371,179147,0.0,0.0,0.0,0.552040256626751,0.0,1.0,0.0,West_Mid
0.8333333333333334,0,0,145371,179147,0.0,0.0,0.0,0.552040256626751,0.0,1.0,0.0,West_Mid
0.8666666666666667,0,0,145371,179147,0.0,0.0,0.0,0.552040256626751,0.0,1.0,0.0,West_Mid
0.9,0,0,145371,179147,0.0,0.0,0.0,0.552040256626751,0.0,1.0,0.0,West_Mid
0.9333333333333332,0,0,145371,179147,0.0,0.0,0.0,0.552040256626751,0.0,1.0,0.0,West_Mid
0.9666666666666668,0,0,145371,179147,0.0,0.0,0.0,0.552040256626751,0.0,1.0,0.0,West_Mid
1.0,0,0,145371,179147,0.0,0.0,0.0,0.552040256626751,0.0,1.0,0.0,West_Mid
0.0,30869,85456,0,0,0.2653685794111326,1.0,0.4194328573175537,0.2653685794111326,1.0,0.0,1.0,West_North
0.0333333333333333,30485,72506,384,12950,0.2959967375790117,0.9875603356117788,0.4554758703122665,0.3733935095637223,0.9875603356117788,0.1515399737876802,0.8484600262123198,West_North
0.0666666666666666,29117,58999,1752,26457,0.330439420763539,0.9432440312287408,0.4894230365172081,0.4777476896625833,0.9432440312287408,0.3095979217375023,0.6904020782624977,West_North
0.1,27066,48646,3803,36810,0.3574862637362637,0.8768019696135282,0.5078954034959327,0.549116698903933,0.8768019696135282,0.4307479872683018,0.5692520127316982,West_North
0.1333333333333333,23862,38766,7007,46690,0.3810116880628473,0.7730085198743075,0.5104334898445939,0.6065076294863528,0.7730085198743075,0.5463630406290957,0.4536369593709043,West_North
0.1666666666666666,19601,28869,11268,56587,0.4043944708066845,0.6349735981081344,0.4941075637454468,0.6549580915538362,0.6349735981081344,0.6621770267740124,0.3378229732259876,West_North
0.2,15046,19129,15823,66327,0.4402633504023409,0.4874145582947293,0.4626406740052887,0.6995314850633999,0.4874145582947293,0.7761538101479124,0.2238461898520876,West_North
0.2333333333333333,10998,11681,19871,73775,0.4849420168437762,0.3562797628688976,0.4107716441323673,0.7287599398237696,0.3562797628688976,0.8633097734506646,0.1366902265493353,West_North
0.2666666666666666,8049,7295,22820,78161,0.5245698644421272,0.2607470277624801,0.3483435396966221,0.7411132602621965,0.2607470277624801,0.9146344317543532,0.0853655682456468,West_North
0.3,6047,4817,24822,80639,0.5566089837997055,0.1958923191551394,0.2897946469221,0.7452052439286482,0.1958923191551394,0.943631810522374,0.0563681894776259,West_North
0.3333333333333333,4681,3316,26188,82140,0.5853445041890709,0.1516408046907901,0.2408789173056141,0.7463657855147217,0.1516408046907901,0.9611964051675717,0.0388035948324283,West_North
0.3666666666666666,3479,2377,27390,83079,0.5940915300546448,0.1127020635589102,0.1894622191967324,0.7441048785729637,0.1127020635589102,0.9721845160082382,0.0278154839917618,West_North
0.4,2510,1605,28359,83851,0.6099635479951397,0.0813113479542583,0.143494168762863,0.7424113475177305,0.0813113479542583,0.98121840479311,0.01878159520689,West_North
0.4333333333333333,1581,1011,29288,84445,0.6099537037037037,0.0512164307233794,0.0944980723827739,0.7395314850633999,0.0512164307233794,0.9881693503089308,0.011830649691069,West_North
0.4666666666666667,720,484,30149,84972,0.5980066445182725,0.0233243707279147,0.0448975774015527,0.7366602192134107,0.0233243707279147,0.9943362666167384,0.0056637333832615,West_North
0.5,0,0,30869,85456,0.0,0.0,0.0,0.7346314205888674,0.0,1.0,0.0,West_North
0.5333333333333333,0,0,30869,85456,0.0,0.0,0.0,0.7346314205888674,0.0,1.0,0.0,West_North
0.5666666666666667,0,0,30869,85456,0.0,0.0,0.0,0.7346314205888674,0.0,1.0,0.0,West_North
0.6,0,0,30869,85456,0.0,0.0,0.0,0.7346314205888674,0.0,1.0,0.0,West_North
0.6333333333333333,0,0,30869,85456,0.0,0.0,0.0,0.7346314205888674,0.0,1.0,0.0,West_North
0.6666666666666666,0,0,30869,85456,0.0,0.0,0.0,0.7346314205888674,0.0,1.0,0.0,West_North
0.7,0,0,30869,85456,0.0,0.0,0.0,0.7346314205888674,0.0,1.0,0.0,West_North
0.7333333333333333,0,0,30869,85456,0.0,0.0,0.0,0.7346314205888674,0.0,1.0,0.0,West_North
0.7666666666666666,0,0,30869,85456,0.0,0.0,0.0,0.7346314205888674,0.0,1.0,0.0,West_North
0.8,0,0,30869,85456,0.0,0.0,0.0,0.7346314205888674,0.0,1.0,0.0,West_North
0.8333333333333334,0,0,30869,85456,0.0,0.0,0.0,0.7346314205888674,0.0,1.0,0.0,West_North
0.8666666666666667,0,0,30869,85456,0.0,0.0,0.0,0.7346314205888674,0.0,1.0,0.0,West_North
0.9,0,0,30869,85456,0.0,0.0,0.0,0.7346314205888674,0.0,1.0,0.0,West_North
0.9333333333333332,0,0,30869,85456,0.0,0.0,0.0,0.7346314205888674,0.0,1.0,0.0,West_North
0.9666666666666668,0,0,30869,85456,0.0,0.0,0.0,0.7346314205888674,0.0,1.0,0.0,West_North
1.0,0,0,30869,85456,0.0,0.0,0.0,0.7346314205888674,0.0,1.0,0.0,West_North
